FantasyPlayerKey,PlayerID,Name,Team,Position,AverageDraftPosition,AverageDraftPositionPPR,ByeWeek,LastSeasonFantasyPoints,ProjectedFantasyPoints,AuctionValue,AuctionValuePPR,AverageDraftPositionIDP,AverageDraftPositionRookie,AverageDraftPositionDynasty,AverageDraftPosition2QB,is_drafted,draft_order,my_team
19801,19801,Josh Allen,BUF,QB,32.3,37.4,13.0,673.2,624.5,60,60,,,46.5,5.8,True,,False
18890,18890,Patrick Mahomes,KC,QB,30.6,32.3,10.0,708.7,618.7,65,65,,,32.3,9.6,True,1.0,False
21831,21831,Jalen Hurts,PHI,QB,46.0,44.3,10.0,643.4,609.1,54,54,,,59.9,10.6,0,,False
19781,19781,Lamar Jackson,BAL,QB,68.1,63.0,13.0,401.8,566.3,41,41,,,82.5,31.5,0,,False
21693,21693,Joe Burrow,CIN,QB,64.7,73.2,7.0,596.9,551.2,39,39,,,70.1,18.2,0,,False
21681,21681,Justin Herbert,LAC,QB,83.4,80.0,5.0,475.3,531.5,26,26,,,83.6,24.3,0,,False
22492,22492,Justin Fields,CHI,QB,80.0,83.4,13.0,503.8,526.2,31,31,,,97.4,42.6,0,,False
22490,22490,Trevor Lawrence,JAX,QB,102.1,102.1,9.0,503.1,504.4,17,19,,,94.0,56.3,True,2.0,True
18857,18857,Deshaun Watson,CLE,QB,136.2,137.9,5.0,145.7,499.3,17,17,,,126.8,125.8,0,,False
14252,14252,Kirk Cousins,MIN,QB,170.2,173.6,13.0,496.3,487.1,12,12,,,189.8,87.7,0,,False
14895,14895,Geno Smith,SEA,QB,185.5,190.6,5.0,517.2,478.2,12,12,,,241.3,169.0,0,,False
20841,20841,Daniel Jones,NYG,QB,178.7,178.7,13.0,491.9,478.0,10,10,,,,98.9,0,,False
18055,18055,Dak Prescott,DAL,QB,139.6,141.3,7.0,338.0,468.0,12,12,,,141.3,52.6,0,,False
21677,21677,Tua Tagovailoa,MIA,QB,154.9,154.9,10.0,393.0,455.7,10,14,,,163.6,75.4,0,,False
2593,2593,Aaron Rodgers,NYJ,QB,180.4,180.4,7.0,407.1,453.5,12,12,,,219.9,69.1,0,,False
14536,14536,Russell Wilson,DEN,QB,197.4,212.8,9.0,382.5,451.4,9,9,,,212.4,119.3,0,,False
17922,17922,Jared Goff,DET,QB,212.8,216.2,9.0,482.2,444.3,14,14,,,213.8,123.7,0,,False
24117,24117,Anthony Richardson,IND,QB,221.3,202.5,11.0,0.0,442.6,6,6,,13.8,226.4,188.4,0,,False
22501,22501,Kenny Pickett,PIT,QB,255.3,285.9,6.0,255.1,404.4,3,0,,,243.6,231.1,0,,False
16311,16311,Derek Carr,NO,QB,243.4,272.3,11.0,372.9,396.6,3,3,,,201.5,161.2,0,,False
21841,21841,Jordan Love,GB,QB,291.0,338.7,6.0,19.9,395.5,3,0,,,241.3,228.6,0,,False
9038,9038,Matthew Stafford,LAR,QB,253.6,275.7,10.0,184.5,395.5,3,3,,,,173.3,0,,False
23132,23132,Bryce Young,CAR,QB,263.8,299.6,7.0,0.0,393.3,0,0,,10.7,227.2,222.5,0,,False
19798,19798,Nick Chubb,CLE,RB,20.4,23.8,5.0,433.0,375.8,85,73,,,33.2,29.4,0,,False
17959,17959,Derrick Henry,TEN,RB,22.1,28.9,7.0,459.1,374.5,83,75,,,71.8,27.9,0,,False
13799,13799,Ryan Tannehill,TEN,QB,350.6,406.8,7.0,274.4,370.6,3,0,,,,237.4,0,,False
18877,18877,Christian McCaffrey,SF,RB,2.9,5.8,9.0,461.9,370.4,90,94,,,14.8,10.1,0,,False
19562,19562,Austin Ekeler,LAC,RB,8.7,11.6,5.0,452.2,368.0,85,87,,,31.7,11.9,0,,False
23189,23189,Bijan Robinson,ATL,RB,18.7,15.3,11.0,0.0,362.6,75,77,,3.8,15.4,74.2,0,,False
21682,21682,Jonathan Taylor,IND,RB,15.3,25.5,11.0,201.5,360.9,78,71,,,12.5,30.3,0,,False
23239,23239,C.J. Stroud,HOU,QB,337.0,376.1,7.0,0.0,360.4,0,0,,15.1,,232.2,0,,False
23185,23185,Sam Howell,WAS,QB,352.3,410.2,14.0,31.1,360.1,3,0,,,,248.2,0,,False
22496,22496,Mac Jones,NE,QB,354.0,384.7,11.0,289.5,359.9,0,0,,,,229.6,0,,False
23241,23241,Brock Purdy,SF,QB,314.9,335.3,9.0,180.9,353.0,3,0,,,,231.1,0,,False
16041,16041,Jimmy Garoppolo,LV,QB,348.9,391.5,13.0,280.5,349.8,3,0,,,,230.8,0,,False
19766,19766,Saquon Barkley,NYG,RB,13.6,13.6,13.0,386.4,349.7,66,70,,,18.0,18.9,0,,False
21685,21685,Justin Jefferson,MIN,WR,5.8,2.9,13.0,409.6,349.7,100,106,,,5.8,12.2,0,,False
20912,20912,Tony Pollard,DAL,RB,28.9,34.0,7.0,357.1,344.0,56,54,,,45.1,53.6,0,,False
20824,20824,Josh Jacobs,LV,RB,34.0,35.7,13.0,468.6,341.0,61,60,,,40.2,33.7,0,,False
20889,20889,Kyler Murray,ARI,QB,257.0,301.3,14.0,341.3,338.1,3,0,,,,157.3,0,,False
22564,22564,Ja'Marr Chase,CIN,WR,11.6,8.7,7.0,264.5,327.1,95,99,,,4.3,15.7,0,,False
18882,18882,Cooper Kupp,LAR,WR,10.2,10.2,10.0,215.1,326.0,85,89,,,48.5,20.6,0,,False
18082,18082,Tyreek Hill,MIA,WR,11.9,11.9,10.0,388.4,314.6,87,90,,,27.4,21.6,0,,False
22502,22502,Desmond Ridder,ATL,QB,379.5,468.0,11.0,65.9,309.5,3,0,,,,236.9,0,,False
22546,22546,Rhamondre Stevenson,NE,RB,40.8,40.8,11.0,306.5,304.9,48,49,,,45.1,52.3,0,,False
16906,16906,Stefon Diggs,BUF,WR,17.0,17.0,13.0,355.0,304.2,71,73,,,31.1,29.8,0,,False
22526,22526,Breece Hall,NYJ,RB,47.7,52.8,7.0,163.6,304.2,49,48,,,15.9,48.8,0,,False
21042,21042,A.J. Brown,PHI,WR,25.5,20.4,10.0,360.1,303.4,71,70,,,12.2,38.6,0,,False
21768,21768,Najee Harris,PIT,RB,44.3,47.7,6.0,310.5,300.3,44,43,,,51.9,41.2,0,,False
18858,18858,Joe Mixon,CIN,RB,66.4,57.9,7.0,305.5,295.9,43,41,,,92.1,49.2,0,,False
21696,21696,Travis Etienne Jr.,JAX,RB,42.6,54.5,9.0,289.5,295.0,46,43,,,21.3,44.1,0,,False
16470,16470,Davante Adams,LV,WR,27.2,22.1,13.0,400.8,293.9,73,75,,,50.5,29.8,0,,False
23214,23214,Kenneth Walker III,SEA,RB,54.5,68.1,5.0,298.7,293.0,36,29,,,18.2,63.1,0,,False
21679,21679,CeeDee Lamb,DAL,WR,23.8,18.7,7.0,331.2,291.3,71,75,,,,33.0,0,,False
23223,23223,Dameon Pierce,HOU,RB,74.9,81.7,7.0,232.2,287.9,37,36,,,87.8,82.7,0,,False
19045,19045,Aaron Jones,GB,RB,63.0,66.4,6.0,322.7,287.8,37,36,,,96.5,65.2,0,,False
15048,15048,Travis Kelce,KC,TE,14.5,14.5,10.0,351.1,285.9,94,92,,,39.1,14.6,0,,False
20868,20868,Alexander Mattison,MIN,RB,132.8,100.4,13.0,124.9,284.3,27,26,,,184.3,163.6,0,,False
20933,20933,Miles Sanders,CAR,RB,93.6,85.1,7.0,334.8,279.6,32,27,,,103.8,116.6,0,,False
21674,21674,J.K. Dobbins,BAL,RB,78.3,93.6,13.0,126.3,278.9,27,26,,,73.4,92.8,0,,False
19790,19790,Baker Mayfield,TB,QB,396.6,427.2,5.0,206.7,275.1,3,0,,,,232.7,0,,False
21688,21688,Cam Akers,LAR,RB,90.2,95.3,10.0,218.4,273.4,24,20,,,111.0,95.1,0,,False
23200,23200,Jahmyr Gibbs,DET,RB,100.4,61.3,9.0,0.0,270.6,29,29,,5.8,64.3,,0,,False
18983,18983,James Conner,ARI,RB,115.7,107.2,14.0,262.4,266.7,20,20,,,153.9,91.2,0,,False
22598,22598,Jaylen Waddle,MIA,WR,37.4,39.1,10.0,313.5,263.8,53,54,,,11.9,50.5,0,,False
20882,20882,David Montgomery,DET,RB,124.2,134.5,9.0,244.6,261.3,17,17,,,119.8,74.9,0,,False
23371,23371,Isiah Pacheco,KC,RB,108.9,129.4,10.0,207.6,259.6,20,17,,,129.2,145.4,0,,False
22587,22587,Amon-Ra St. Brown,DET,WR,35.7,27.2,9.0,275.0,256.4,51,60,,,19.7,44.6,0,,False
23122,23122,Garrett Wilson,NYJ,WR,39.1,30.6,7.0,225.9,253.6,54,56,,,16.2,69.6,0,,False
23217,23217,Rachaad White,TB,RB,129.4,105.5,5.0,151.6,250.2,20,24,,,111.5,116.6,0,,False
21690,21690,Tee Higgins,CIN,WR,49.4,51.1,7.0,250.0,249.6,43,46,,,28.1,58.0,0,,False
22565,22565,Chris Olave,NO,WR,52.8,46.0,11.0,214.8,247.6,41,44,,,22.6,90.4,0,,False
20932,20932,Deebo Samuel,SF,WR,57.9,59.6,9.0,191.3,245.4,44,41,,,63.3,62.5,0,,False
22558,22558,Javonte Williams,DEN,RB,112.3,125.9,9.0,44.3,245.3,10,10,,,48.0,80.8,0,,False
16765,16765,Amari Cooper,CLE,WR,61.3,64.7,5.0,285.9,244.5,39,39,,,107.9,85.8,0,,False
21687,21687,DeVonta Smith,PHI,WR,51.1,42.6,10.0,271.6,242.4,39,46,,,38.1,87.0,0,,False
20875,20875,DK Metcalf,SEA,WR,59.6,56.2,5.0,232.8,238.1,44,44,,,35.6,69.1,0,,False
23247,23247,James Cook,BUF,RB,134.5,136.2,13.0,144.2,237.4,12,10,,,129.0,142.3,0,,False
23395,23395,Christian Watson,GB,WR,97.0,91.9,6.0,209.5,232.2,34,31,,,64.3,163.1,0,,False
21802,21802,AJ Dillon,GB,RB,148.1,144.7,6.0,237.6,231.6,12,10,,,135.6,132.8,0,,False
18878,18878,Alvin Kamara,NO,RB,117.4,124.2,11.0,263.3,231.3,14,17,,,126.5,110.1,0,,False
19802,19802,Calvin Ridley,JAX,WR,69.8,69.8,9.0,68.3,228.3,34,34,,,103.0,179.7,0,,False
18914,18914,Mike Williams,LAC,WR,103.8,103.8,5.0,193.2,228.1,29,29,,,126.6,114.9,0,,False
21692,21692,Jerry Jeudy,DEN,WR,95.3,88.5,9.0,233.5,228.1,34,36,,,73.2,126.5,0,,False
21684,21684,D'Andre Swift,PHI,RB,91.9,108.9,10.0,243.6,226.0,10,10,,,66.4,78.5,0,,False
15076,15076,Keenan Allen,LAC,WR,73.2,71.5,5.0,166.8,224.2,27,37,,,137.2,68.1,0,,False
19803,19803,Mark Andrews,BAL,TE,56.2,49.4,13.0,200.0,223.0,41,41,,,24.8,38.5,0,,False
23190,23190,Brian Robinson,WAS,RB,144.7,161.7,14.0,176.5,222.9,12,14,,,140.4,159.3,0,,False
19799,19799,Rashaad Penny,PHI,RB,173.6,182.1,10.0,82.0,221.7,12,9,,,188.8,139.9,0,,False
16597,16597,Mike Evans,TB,WR,127.6,131.1,5.0,252.6,221.5,26,27,,,135.1,108.1,0,,False
16830,16830,Tyler Lockett,SEA,WR,114.0,114.0,5.0,260.9,221.3,20,26,,,150.6,127.3,0,,False
14986,14986,DeAndre Hopkins,TEN,WR,85.1,76.6,7.0,149.3,219.7,24,26,,,120.8,111.5,0,,False
20873,20873,Terry McLaurin,WAS,WR,81.7,78.3,14.0,258.7,219.3,27,29,,,82.0,111.7,0,,False
19844,19844,DJ Moore,CHI,WR,86.8,86.8,13.0,231.6,216.2,27,26,,,59.6,94.1,0,,False
BUF,37,Buffalo Bills,BUF,DEF,301.3,221.3,13.0,255.3,212.8,3,3,,,239.3,223.3,0,,False
23151,23151,Drake London,ATL,WR,105.5,98.7,11.0,181.4,212.3,20,24,,,58.5,133.4,0,,False
19815,19815,Christian Kirk,JAX,WR,120.8,112.3,9.0,268.7,212.2,22,24,,,107.6,123.7,0,,False
21045,21045,Marquise Brown,ARI,WR,137.9,132.8,14.0,151.5,209.8,19,24,,,,120.5,0,,False
21747,21747,Brandon Aiyuk,SF,WR,125.9,115.7,9.0,255.0,207.4,22,24,,,81.9,136.7,0,,False
21735,21735,Gabe Davis,BUF,WR,158.3,165.1,13.0,210.4,204.3,12,10,,,160.2,177.5,0,,False
23155,23155,Jahan Dotson,WAS,WR,143.0,146.4,14.0,162.7,203.6,12,14,,,93.6,184.8,0,,False
22563,22563,Khalil Herbert,CHI,RB,160.0,170.2,13.0,185.2,202.5,14,12,,,,191.1,0,,False
18880,18880,Chris Godwin,TB,WR,107.2,97.0,5.0,202.2,202.0,22,32,,,63.0,78.5,0,,False
18993,18993,Samaje Perine,DEN,RB,202.5,177.0,9.0,177.2,198.4,14,14,,,270.6,215.5,0,,False
DAL,48,Dallas Cowboys,DAL,DEF,292.7,217.9,7.0,285.9,195.7,3,6,,,249.3,226.7,0,,False
23153,23153,George Pickens,PIT,WR,131.1,139.6,6.0,194.9,195.2,14,14,,,88.7,173.3,0,,False
MIA,64,Miami Dolphins,MIA,DEF,420.4,313.2,10.0,165.1,194.0,3,3,,,286.8,261.3,0,,False
NE,21,New England Patriots,NE,DEF,328.5,246.8,11.0,316.6,194.0,3,3,,,,240.2,0,,False
PHI,26,Philadelphia Eagles,PHI,DEF,294.4,207.6,10.0,262.1,192.3,6,3,,,283.2,240.5,0,,False
SF,93,San Francisco 49ers,SF,DEF,267.2,183.8,9.0,274.0,192.3,3,3,,,234.5,210.0,0,,False
20805,20805,T.J. Hockenson,MIN,TE,71.5,74.9,13.0,220.2,191.7,31,31,,,78.5,70.3,0,,False
18995,18995,Jamaal Williams,NO,RB,161.7,168.5,11.0,364.1,191.4,12,12,,,161.3,160.8,0,,False
GB,12,Green Bay Packers,GB,DEF,553.2,362.5,6.0,195.7,190.6,3,3,,,,,0,,False
21861,21861,Antonio Gibson,WAS,RB,175.3,160.0,14.0,204.1,189.6,14,10,,,146.4,138.2,0,,False
BAL,36,Baltimore Ravens,BAL,DEF,343.8,270.6,13.0,221.3,188.9,3,0,,,264.3,251.6,0,,False
NYJ,82,New York Jets,NYJ,DEF,440.8,267.2,7.0,194.0,188.9,3,3,,,,,0,,False
22108,22108,Tyler Bass,BUF,K,309.8,263.8,13.0,226.4,187.6,3,6,,,278.3,240.2,0,,False
21077,21077,Diontae Johnson,PIT,WR,141.3,127.6,6.0,161.2,187.4,12,19,,,103.8,109.1,0,,False
16568,16568,Brandin Cooks,DAL,WR,166.8,149.8,7.0,150.8,186.7,12,15,,,187.2,147.2,0,,False
23119,23119,Treylon Burks,TEN,WR,149.8,151.5,7.0,104.0,185.9,14,10,,,69.8,156.8,0,,False
23162,23162,Jordan Addison,MIN,WR,182.1,148.1,13.0,0.0,185.7,10,10,,13.9,218.7,223.1,0,,False
14688,14688,Justin Tucker,BAL,K,272.3,224.7,13.0,272.3,185.3,6,9,,,243.0,221.6,0,,False
21744,21744,Michael Pittman Jr.,IND,WR,122.5,120.8,11.0,200.0,185.2,14,17,,,73.2,88.0,0,,False
23173,23173,Zach Charbonnet,SEA,RB,211.0,187.2,5.0,0.0,184.3,12,9,,12.4,207.5,239.1,0,,False
SEA,90,Seattle Seahawks,SEA,DEF,471.5,367.6,5.0,195.7,183.8,0,0,,,,,0,,False
KC,55,Kansas City Chiefs,KC,DEF,381.2,321.7,10.0,205.9,183.8,3,3,,,,263.6,0,,False
CLE,8,Cleveland Browns,CLE,DEF,442.5,388.1,5.0,187.2,183.8,3,3,,,,256.3,0,,False
19063,19063,George Kittle,SF,TE,88.5,90.2,9.0,239.1,183.4,29,27,,,104.0,97.2,0,,False
23157,23157,Jaxon Smith-Njigba,SEA,WR,156.6,143.0,5.0,0.0,182.0,12,12,,7.8,175.0,214.8,0,,False
19073,19073,Harrison Butker,KC,K,323.4,284.2,10.0,166.8,181.6,3,6,,,277.1,245.8,0,,False
22535,22535,Elijah Mitchell,SF,RB,190.6,204.2,9.0,69.1,181.5,9,12,,,190.6,176.0,0,,False
20790,20790,Damien Harris,BUF,RB,187.2,195.7,13.0,125.8,180.5,14,6,,,185.3,143.3,0,,False
PIT,28,Pittsburgh Steelers,PIT,DEF,411.9,323.4,6.0,175.3,180.4,3,3,,,286.4,243.7,0,,False
16964,16964,Darren Waller,NYG,TE,119.1,119.1,13.0,96.7,179.5,27,27,,,155.9,127.0,0,,False
ATL,2,Atlanta Falcons,ATL,DEF,488.5,498.7,11.0,141.3,178.7,0,0,,,,,0,,False
DET,11,Detroit Lions,DET,DEF,515.7,434.0,9.0,165.1,178.7,0,0,,,,,0,,False
WAS,97,Washington Commanders,WAS,DEF,435.7,372.7,14.0,200.8,178.7,3,3,,,,285.3,0,,False
22508,22508,Kyle Pitts,ATL,TE,98.7,122.5,11.0,81.0,178.2,22,22,,,33.2,106.4,0,,False
19041,19041,Jake Elliott,PHI,K,401.7,354.0,10.0,205.9,176.8,6,6,,,272.8,259.2,0,,False
22908,22908,Evan McPherson,CIN,K,388.1,277.4,7.0,207.6,176.2,3,6,,,,,0,,False
IND,14,Indianapolis Colts,IND,DEF,531.0,461.2,11.0,197.4,175.3,3,3,,,,287.5,0,,False
LAC,84,Los Angeles Chargers,LAC,DEF,434.0,415.3,5.0,171.9,175.3,0,0,,,,257.7,0,,False
NO,69,New Orleans Saints,NO,DEF,394.9,309.8,11.0,187.2,175.3,3,3,,,292.7,234.0,0,,False
19800,19800,Courtland Sutton,DEN,WR,163.4,158.3,9.0,162.4,174.9,12,12,,,151.1,146.7,0,,False
19863,19863,Dallas Goedert,PHI,TE,110.6,117.4,10.0,146.7,174.6,24,24,,,113.7,120.0,0,,False
17960,17960,Michael Thomas,NO,WR,177.0,166.8,11.0,59.7,172.6,12,14,,,214.6,202.0,0,,False
17217,17217,Raheem Mostert,MIA,RB,223.0,234.9,10.0,233.7,171.9,12,12,,,258.7,184.5,0,,False
22863,22863,Riley Patterson,DET,K,730.2,476.6,9.0,221.3,171.6,6,6,,,,,0,,False
18883,18883,JuJu Smith-Schuster,NE,WR,183.8,171.9,11.0,182.6,171.4,12,10,,,175.0,166.5,0,,False
23120,23120,Zay Flowers,BAL,WR,209.3,192.3,13.0,0.0,170.6,9,9,,10.6,265.9,234.5,0,,False
24226,24226,Quentin Johnston,LAC,WR,199.1,188.9,5.0,0.0,170.3,6,6,,16.5,245.3,238.6,0,,False
14996,14996,Brandon McManus,JAX,K,391.5,371.0,9.0,212.8,170.2,6,6,,,,271.6,0,,False
20325,20325,Greg Joseph,MIN,K,456.1,561.7,13.0,214.5,169.7,3,3,,,,251.2,0,,False
19989,19989,Daniel Carlson,LV,K,289.3,257.0,13.0,270.6,169.7,3,6,,,277.4,236.7,0,,False
17215,17215,Jason Myers,SEA,K,389.8,340.4,5.0,263.8,169.5,3,3,,,,,0,,False
14697,14697,Greg Zuerlein,NYJ,K,417.0,357.4,7.0,221.3,169.0,6,6,,,306.4,272.8,0,,False
23250,23250,Tyler Allgeier,ATL,RB,153.2,223.0,11.0,244.1,168.6,10,9,,,,153.5,0,,False
20360,20360,Jeff Wilson Jr.,MIA,RB,250.2,251.9,10.0,232.3,168.6,12,12,,,,,0,,False
TB,95,Tampa Bay Buccaneers,TB,DEF,430.6,347.2,5.0,173.6,168.5,3,0,,,,253.8,0,,False
MIN,67,Minnesota Vikings,MIN,DEF,507.2,432.3,13.0,168.5,168.5,0,0,,,,,0,,False
24423,24423,Jake Moody,SF,K,498.7,369.3,9.0,0.0,167.5,0,0,,,,,0,,False
23304,23304,Cade York,CLE,K,777.8,565.1,5.0,195.7,167.1,0,0,,,,,0,,False
DEN,49,Denver Broncos,DEN,DEF,383.0,330.2,9.0,170.2,166.8,3,0,,,,233.0,0,,False
HOU,13,Houston Texans,HOU,DEF,619.5,534.4,7.0,190.6,166.8,0,0,,,,,0,,False
JAX,52,Jacksonville Jaguars,JAX,DEF,415.3,320.0,9.0,236.6,166.8,0,0,,,292.7,,0,,False
20941,20941,Devin Singletary,HOU,RB,226.4,231.5,7.0,238.1,165.2,6,9,,,,194.5,0,,False
NYG,75,New York Giants,NYG,DEF,558.3,423.8,13.0,180.4,165.1,0,0,,,,,0,,False
17986,17986,Tyler Boyd,CIN,WR,229.8,248.5,7.0,185.7,165.1,6,9,,,236.9,223.6,0,,False
18478,18478,Wil Lutz,NO,K,575.3,622.9,11.0,187.2,164.9,0,0,,,,,0,,False
20033,20033,Jason Sanders,MIA,K,427.2,401.7,10.0,209.3,164.8,6,6,,,296.7,267.7,0,,False
22614,22614,Kadarius Toney,KC,WR,171.9,175.3,10.0,70.3,164.2,12,12,,,148.9,194.2,0,,False
LAR,32,Los Angeles Rams,LAR,DEF,357.4,430.6,10.0,173.6,163.4,0,0,,,,262.6,0,,False
CIN,7,Cincinnati Bengals,CIN,DEF,422.1,365.9,7.0,187.2,163.4,3,0,,,,,0,,False
20145,20145,Allen Lazard,NYJ,WR,214.5,205.9,7.0,195.4,162.8,6,6,,,271.0,211.6,0,,False
16191,16191,Chris Boswell,PIT,K,655.3,483.4,6.0,156.6,162.4,6,6,,,,,0,,False
19565,19565,Younghoe Koo,ATL,K,367.6,325.1,11.0,243.4,162.2,6,6,,,293.6,256.3,0,,False
CAR,5,Carolina Panthers,CAR,DEF,583.8,451.0,7.0,177.0,161.7,0,0,,,,,0,,False
TEN,34,Tennessee Titans,TEN,DEF,648.5,478.3,7.0,165.1,161.7,0,0,,,,,0,,False
10333,10333,Graham Gano,NYG,K,428.9,379.5,13.0,229.8,160.8,3,3,,,,265.9,0,,False
20876,20876,Jakobi Meyers,LV,WR,205.9,219.6,13.0,192.8,159.8,6,12,,,,180.6,0,,False
21756,21756,Nico Collins,HOU,WR,241.7,250.2,7.0,102.3,159.0,6,9,,,219.6,223.8,0,,False
24371,24371,Anders Carlson,GB,K,791.4,716.5,6.0,0.0,158.8,0,0,,,,,0,,False
24179,24179,De'Von Achane,MIA,RB,224.7,197.4,10.0,0.0,158.6,12,9,,21.6,247.8,239.0,0,,False
22592,22592,Elijah Moore,CLE,WR,194.0,200.8,5.0,87.0,157.7,6,6,,,144.3,187.9,0,,False
20769,20769,Matt Gay,IND,K,393.2,386.4,11.0,219.6,157.6,3,3,,,,259.7,0,,False
19816,19816,DJ Chark Jr.,CAR,WR,296.1,297.8,7.0,116.1,157.5,6,3,,,,,0,,False
22507,22507,Pat Freiermuth,PIT,TE,151.5,156.6,6.0,145.0,156.9,15,17,,,120.5,154.0,0,,False
20149,20149,Eddy Pi√±eiro,CAR,K,592.3,544.6,7.0,226.4,156.4,3,3,,,,,0,,False
22623,22623,Rashod Bateman,BAL,WR,188.9,226.4,13.0,65.5,155.3,3,6,,,130.5,161.5,0,,False
16301,16301,Cairo Santos,CHI,K,830.6,713.1,13.0,166.8,155.2,0,0,,,,,0,,False
23652,23652,Caleb Shudak,TEN,K,1140.3,628.0,7.0,17.0,155.1,0,0,,,,,0,,False
22626,22626,Rondale Moore,ARI,WR,236.6,241.7,14.0,79.8,154.9,3,12,,,198.8,215.6,0,,False
21691,21691,Chuba Hubbard,CAR,RB,280.8,316.6,7.0,125.4,153.8,12,9,,,265.5,263.8,0,,False
18876,18876,David Njoku,CLE,TE,168.5,163.4,5.0,143.0,153.4,15,17,,,143.0,175.5,0,,False
18912,18912,Evan Engram,JAX,TE,146.4,153.2,9.0,176.8,153.4,15,17,,,166.5,180.4,0,,False
15534,15534,Adam Thielen,CAR,WR,228.1,209.3,7.0,187.2,152.9,3,6,,,263.8,210.9,0,,False
23167,23167,Romeo Doubs,GB,WR,258.7,258.7,6.0,101.4,152.6,3,6,,,232.8,251.2,0,,False
19867,19867,Michael Gallup,DAL,WR,284.2,282.5,7.0,113.0,152.2,3,3,,,,238.6,0,,False
16389,16389,Odell Beckham Jr.,BAL,WR,204.2,185.5,13.0,144.8,151.7,6,6,,,,,0,,False
18926,18926,Zay Jones,JAX,WR,240.0,260.4,9.0,197.6,150.9,3,9,,,246.4,228.6,0,,False
23479,23479,Jaylen Warren,PIT,RB,265.5,253.6,6.0,111.1,150.8,12,9,,,290.2,250.0,0,,False
549,549,Matt Prater,ARI,K,502.1,398.3,14.0,158.3,150.6,0,0,,,,267.2,0,,False
23168,23168,Skyy Moore,KC,WR,233.2,214.5,10.0,36.4,150.5,6,6,,,166.6,216.3,0,,False
ARI,1,Arizona Cardinals,ARI,DEF,759.1,507.2,14.0,171.9,149.8,0,0,,,,,0,,False
21739,21739,Van Jefferson,LAR,WR,362.5,403.4,10.0,93.4,148.6,3,0,,,,,0,,False
18957,18957,D'Onta Foreman,CHI,RB,195.7,229.8,13.0,214.5,148.1,14,6,,,210.2,220.7,0,,False
18215,18215,Ka'imi Fairbairn,HOU,K,1114.8,680.8,7.0,209.3,148.1,0,0,,,,,0,,False
16510,16510,Jerick McKinnon,KC,RB,231.5,199.1,10.0,238.8,147.6,9,12,,,251.2,212.2,0,,False
18928,18928,Curtis Samuel,WAS,WR,359.1,350.6,14.0,191.1,146.8,3,0,,,,275.6,0,,False
19976,19976,Marquez Valdes-Scantling,KC,WR,342.1,352.3,10.0,136.8,146.7,6,3,,,,266.4,0,,False
23161,23161,Jonathan Mingo,CAR,WR,299.6,306.4,7.0,0.0,144.5,3,0,,,,,0,,False
CHI,38,Chicago Bears,CHI,DEF,612.7,464.6,13.0,97.0,143.0,0,0,,,,,0,,False
21754,21754,Donovan Peoples-Jones,CLE,WR,234.9,287.6,5.0,170.4,142.5,3,0,,,205.1,245.4,0,,False
21961,21961,Darnell Mooney,CHI,WR,219.6,245.1,13.0,104.7,142.0,6,3,,,176.3,160.2,0,,False
23234,23234,Jameson Williams,DET,WR,165.1,211.0,9.0,24.0,140.9,12,12,,,78.8,232.2,0,,False
23310,23310,Greg Dulcich,DEN,TE,216.2,238.3,9.0,90.4,140.7,9,9,,,163.2,239.5,0,,False
21760,21760,Isaiah Hodgins,NYG,WR,325.1,389.8,13.0,107.6,140.1,3,0,,,,,0,,False
16775,16775,DeVante Parker,NE,WR,425.5,440.8,11.0,122.4,139.6,3,3,,,,,0,,False
23729,23729,Rashid Shaheed,NO,WR,316.6,405.1,11.0,123.4,139.3,3,0,,,,,0,,False
21714,21714,K.J. Osborn,MIN,WR,270.6,294.4,13.0,162.7,139.3,3,3,,,,266.7,0,,False
23489,23489,Chigoziem Okonkwo,TEN,TE,217.9,240.0,7.0,111.0,138.7,12,12,,,181.4,233.3,0,,False
19920,19920,Dalton Schultz,HOU,TE,192.3,194.0,7.0,145.9,138.2,14,14,,,186.0,173.8,0,,False
LV,83,Las Vegas Raiders,LV,DEF,495.3,480.0,13.0,124.2,137.9,0,0,,,,,0,,False
24102,24102,Dalton Kincaid,BUF,TE,274.0,236.6,13.0,0.0,134.0,6,6,,22.0,248.2,234.9,0,,False
20239,20239,Gus Edwards,BAL,RB,347.2,331.9,13.0,100.9,133.2,9,0,,,,262.8,0,,False
15854,15854,Brett Maher,DEN,K,937.8,1419.5,9.0,263.8,132.9,0,0,,,,,0,,False
23233,23233,Jayden Reed,GB,WR,372.7,355.7,6.0,0.0,132.2,3,0,,,,,0,,False
18032,18032,Tyler Higbee,LAR,TE,262.1,233.2,10.0,136.2,132.1,6,12,,,285.9,230.8,0,,False
23567,23567,Cameron Dicker,LAC,K,474.9,381.2,5.0,148.1,131.2,3,3,,,,,0,,False
20943,20943,Darius Slayton,NYG,WR,445.9,457.8,13.0,140.2,129.4,3,0,,,,,0,,False
21772,21772,Cole Kmet,CHI,TE,200.8,228.1,13.0,165.6,128.4,12,12,,,182.5,219.2,0,,False
23193,23193,Tank Bigsby,JAX,RB,251.9,255.3,9.0,0.0,127.2,6,3,,31.8,,235.2,0,,False
23232,23232,Alec Pierce,IND,WR,313.2,345.5,11.0,121.4,125.7,3,0,,,213.9,252.9,0,,False
24372,24372,Roschon Johnson,CHI,RB,306.4,292.7,13.0,0.0,125.4,6,0,,35.2,,225.5,0,,False
14871,14871,Robert Woods,HOU,WR,439.1,445.9,7.0,106.7,124.2,0,0,,,,,0,,False
20924,20924,Hunter Renfrow,LV,WR,330.2,343.8,13.0,73.2,123.6,3,6,,,270.6,223.8,0,,False
21738,21738,Juwan Johnson,NO,TE,275.7,280.8,11.0,157.9,123.4,6,6,,,,,0,,False
18935,18935,Gerald Everett,LAC,TE,268.9,274.0,5.0,138.7,122.5,6,6,,,,239.3,0,,False
20006,20006,Russell Gage,TB,WR,527.6,566.8,5.0,123.6,120.9,3,0,,,,,0,,False
24120,24120,Rashee Rice,KC,WR,303.0,303.0,10.0,0.0,120.7,0,0,,40.0,,,0,,False
20788,20788,Mecole Hardman Jr.,NYJ,WR,408.5,444.2,7.0,117.1,120.3,3,0,,,,,0,,False
23165,23165,Marvin Mims Jr.,DEN,WR,326.8,411.9,9.0,0.0,119.9,3,0,,26.0,,,0,,False
22494,22494,Kyle Trask,TB,QB,694.4,594.0,5.0,2.7,118.0,0,0,,,,,0,,False
23141,23141,Sam LaPorta,DET,TE,304.7,268.9,9.0,0.0,116.6,3,0,,,,243.2,0,,False
23205,23205,Jerome Ford,CLE,RB,320.0,326.8,5.0,3.5,116.2,3,0,,,,280.3,0,,False
18879,18879,Corey Davis,NYJ,WR,481.7,531.0,7.0,111.7,116.2,0,0,,,,,0,,False
19238,19238,Taysom Hill,NO,TE,279.1,348.9,11.0,232.8,116.0,15,17,,,,226.7,0,,False
20949,20949,Irv Smith Jr.,CIN,TE,321.7,311.5,7.0,51.4,115.3,3,3,,,,,0,,False
23227,23227,Khalil Shakir,BUF,WR,451.0,497.0,13.0,41.0,114.3,3,0,,,,,0,,False
20850,20850,Dawson Knox,BUF,TE,245.1,265.5,13.0,149.3,113.4,3,0,,,211.6,217.3,0,,False
17975,17975,Hunter Henry,NE,TE,355.7,377.8,11.0,107.1,112.8,3,0,,,,261.1,0,,False
24436,24436,Chad Ryland,NE,K,733.6,781.2,11.0,0.0,112.0,0,0,,,,,0,,False
13870,13870,Marvin Jones Jr.,DET,WR,842.5,510.6,9.0,120.7,111.8,0,0,,,,,0,,False
15150,15150,Cordarrelle Patterson,ATL,RB,260.4,279.1,11.0,217.3,110.8,3,0,,,,213.4,0,,False
21519,21519,Joey Slye,WAS,K,1536.9,1298.6,14.0,182.1,109.1,0,0,,,,,0,,False
19023,19023,Mack Hollins,ATL,WR,493.6,548.0,11.0,165.4,108.9,0,0,,,,,0,,False
23469,23469,Tyquan Thornton,NE,WR,447.6,500.4,11.0,75.4,108.7,3,0,,,,,0,,False
20753,20753,Noah Fant,SEA,TE,384.7,396.6,5.0,123.6,108.7,3,0,,,266.4,,0,,False
21752,21752,Chase Claypool,CHI,WR,360.8,383.0,13.0,100.5,108.1,3,3,,,206.6,260.7,0,,False
19843,19843,Hayden Hurst,CAR,TE,345.5,359.1,7.0,90.9,107.0,3,0,,,,268.2,0,,False
22562,22562,Kenneth Gainwell,PHI,RB,238.3,289.3,10.0,110.5,106.2,6,3,,,192.7,205.4,0,,False
23490,23490,Jelani Woods,IND,TE,418.7,459.5,11.0,83.7,105.9,3,0,,,,,0,,False
19853,19853,Mike Gesicki,NE,TE,285.9,308.1,11.0,112.7,105.5,3,0,,,272.8,252.1,0,,False
24123,24123,Tyjae Spears,TEN,RB,287.6,314.9,7.0,0.0,105.2,3,0,,32.3,,,0,,False
21005,21005,Parris Campbell,NYG,WR,331.9,374.4,13.0,146.5,105.1,3,0,,,,,0,,False
23160,23160,John Metchie III,HOU,WR,311.5,360.8,7.0,0.0,103.2,3,0,,,273.7,,0,,False
21776,21776,Joshua Kelley,LAC,RB,400.0,408.5,5.0,86.5,102.7,3,0,,,,,0,,False
23140,23140,Michael Mayer,LV,TE,248.5,304.7,13.0,0.0,102.3,6,6,,17.2,212.2,,0,,False
19988,19988,Tyler Conklin,NYJ,TE,410.2,400.0,7.0,125.1,102.2,3,0,,,,,0,,False
21769,21769,Clyde Edwards-Helaire,KC,RB,308.1,318.3,10.0,138.4,101.5,3,0,,,,233.7,0,,False
23134,23134,Cade Otton,TB,TE,449.3,473.2,5.0,87.0,100.8,0,0,,,,,0,,False
24741,24741,Tanner Brown,LAR,K,1700.3,582.1,10.0,0.0,100.8,0,0,,,,,0,,False
22613,22613,Joshua Palmer,LAC,WR,386.4,449.3,5.0,165.6,100.2,3,0,,,,,0,,False
23218,23218,Pierre Strong Jr.,NE,RB,423.8,452.7,11.0,34.4,99.9,3,0,,,,,0,,False
24145,24145,Josh Downs,IND,WR,376.1,454.4,11.0,0.0,98.9,3,0,,15.7,,,0,,False
22560,22560,Keaontay Ingram,ARI,RB,541.2,539.5,14.0,24.0,98.8,0,0,,,,,0,,False
22553,22553,Michael Carter,NYJ,RB,371.0,337.0,7.0,144.7,98.7,3,0,,,,214.3,0,,False
22493,22493,Trey Lance,SF,QB,340.4,413.6,9.0,21.2,98.7,3,0,,,,200.0,0,,False
16263,16263,Allen Robinson II,PIT,WR,413.6,442.5,6.0,88.3,98.1,3,0,,,,253.8,0,,False
21071,21071,Greg Dortch,ARI,WR,469.8,549.7,14.0,104.0,97.5,0,0,,,,,0,,False
22539,22539,Zamir White,LV,RB,335.3,342.1,13.0,11.9,97.3,3,0,,,,247.0,0,,False
23170,23170,Wan'Dale Robinson,NYG,WR,333.6,418.7,13.0,48.7,96.2,3,0,,,199.1,253.3,0,,False
24238,24238,Kendre Miller,NO,RB,282.5,262.1,11.0,0.0,96.1,3,3,,18.4,264.3,255.3,0,,False
23251,23251,Trey McBride,ARI,TE,365.9,439.1,14.0,55.3,96.0,3,0,,,,,0,,False
24178,24178,Israel Abanikanda,NYJ,RB,1210.1,485.1,7.0,0.0,95.3,3,0,,30.0,,,0,,False
11047,11047,Colt McCoy,ARI,QB,893.6,580.4,14.0,55.8,95.3,0,0,,,,,0,,False
22112,22112,Rodrigo Blankenship,TB,K,982.1,1036.5,5.0,30.6,95.0,0,0,,,,,0,,False
22685,22685,Terrace Marshall Jr.,CAR,WR,452.7,471.5,7.0,93.6,94.9,3,0,,,,,0,,False
24125,24125,Jalin Hyatt,NYG,WR,277.4,296.1,13.0,0.0,94.9,3,0,,31.5,,,0,,False
19017,19017,Josh Reynolds,DET,WR,1470.5,624.6,9.0,112.2,94.1,0,0,,,,,0,,False
24374,24374,Chase Brown,CIN,RB,369.3,393.2,7.0,0.0,92.5,3,0,,48.7,,,0,,False
19919,19919,Chase Edmonds,TB,RB,403.4,394.9,5.0,99.1,92.0,3,3,,,,225.2,0,,False
24150,24150,Luke Musgrave,GB,TE,468.0,417.0,6.0,0.0,90.3,3,0,,49.5,,,0,,False
19318,19318,Kendrick Bourne,NE,WR,1460.3,527.6,11.0,90.7,89.8,0,0,,,,,0,,False
22602,22602,Tutu Atwell,LAR,WR,748.9,568.5,10.0,76.9,89.7,0,0,,,,,0,,False
20077,20077,Richie James,KC,WR,444.2,462.9,10.0,128.5,89.1,0,0,,,,,0,,False
14856,14856,Zach Ertz,ARI,TE,338.7,364.2,14.0,116.8,88.0,3,0,,,268.1,265.0,0,,False
16656,16656,Logan Thomas,WAS,TE,803.3,495.3,14.0,65.2,87.7,0,0,,,,,0,,False
23138,23138,Jake Ferguson,DAL,TE,398.3,420.4,7.0,50.0,86.9,3,0,,,,,0,,False
20038,20038,Braxton Berrios,MIA,WR,1475.6,626.3,10.0,67.5,86.6,0,0,,,,,0,,False
21734,21734,Nick Westbrook-Ikhine,TEN,WR,570.2,541.2,7.0,98.2,85.8,0,0,,,,,0,,False
21852,21852,Ty Chandler,MIN,RB,318.3,437.4,13.0,5.8,85.6,3,0,,,,,0,,False
24176,24176,Tank Dell,HOU,WR,459.5,456.1,7.0,0.0,85.2,0,0,,52.9,,,0,,False
24173,24173,Michael Wilson,ARI,WR,491.9,551.4,14.0,0.0,83.7,0,0,,,,,0,,False
23212,23212,Kyren Williams,LAR,RB,476.6,519.1,10.0,36.6,83.3,3,0,,,,,0,,False
19861,19861,Ronald Jones,DAL,RB,517.4,590.6,7.0,25.9,81.5,3,0,,,,,0,,False
21784,21784,Zack Moss,IND,RB,670.6,488.5,11.0,91.1,80.7,3,0,,,,,0,,False
18018,18018,Jacoby Brissett,WAS,QB,879.9,560.0,14.0,287.0,79.6,3,0,,,,,0,,False
23174,23174,Zach Evans,LAR,RB,364.2,428.9,10.0,0.0,77.8,3,0,,29.3,,,0,,False
23256,23256,Isaiah Likely,BAL,TE,374.4,447.6,13.0,94.1,77.7,3,0,,,207.6,,0,,False
22590,22590,Ben Skowronek,LAR,WR,919.1,599.1,10.0,77.1,76.9,0,0,,,,,0,,False
21542,21542,Chase McLaughlin,TB,K,1499.5,641.7,5.0,219.6,76.2,0,0,,,,,0,,False
20990,20990,Trayveon Williams,CIN,RB,823.8,570.2,7.0,10.2,75.5,0,0,,,,,0,,False
19548,19548,Corey Clement,ARI,RB,1594.8,1433.1,14.0,28.8,75.4,0,0,,,,,0,,False
24348,24348,Cedric Tillman,CLE,WR,478.3,554.9,5.0,0.0,72.8,0,0,,44.9,,,0,,False
23847,23847,Zonovan Knight,NYJ,RB,503.8,508.9,7.0,78.3,72.7,3,0,,,,,0,,False
21717,21717,Jauan Jennings,SF,WR,551.4,605.9,9.0,81.0,72.6,0,0,,,,,0,,False
19319,19319,Matt Breida,NYG,RB,1230.5,556.6,13.0,67.7,72.5,0,0,,,,,0,,False
23198,23198,Isaiah Spiller,LAC,RB,486.8,486.8,5.0,15.6,71.7,3,0,,,,258.9,0,,False
15071,15071,Latavius Murray,BUF,RB,480.0,469.8,13.0,216.5,71.7,0,0,,,,,0,,False
17961,17961,Sterling Shepard,NYG,WR,466.3,583.8,13.0,36.4,71.2,3,0,,,,,0,,False
24172,24172,Puka Nacua,LAR,WR,520.8,553.2,10.0,0.0,71.2,0,0,,51.9,,,0,,False
23880,23880,Malik Davis,DAL,RB,457.8,505.5,7.0,48.3,70.9,0,0,,,,,0,,False
21765,21765,JaMycal Hasty,JAX,RB,512.3,493.6,9.0,85.1,69.2,0,0,,,,,0,,False
17963,17963,Austin Hooper,LV,TE,1560.7,595.7,13.0,96.0,68.4,0,0,,,,,0,,False
20144,20144,Michael Badgley,WAS,K,432.3,524.2,14.0,185.5,68.1,0,0,,,,,0,,False
23195,23195,Eric Gray,NYG,RB,626.3,517.4,13.0,0.0,67.9,3,0,,,,,0,,False
24188,24188,Deuce Vaughn,DAL,RB,437.4,425.5,7.0,0.0,67.6,0,0,,50.7,,,0,,False
24212,24212,DeWayne McBride,MIN,RB,1194.8,490.2,13.0,0.0,66.7,0,0,,44.8,,,0,,False
11694,11694,Nick Folk,NE,K,461.2,333.6,11.0,231.5,66.5,0,0,,,,256.3,0,,False
23364,23364,Jordan Mason,SF,RB,578.7,563.4,9.0,54.1,66.3,3,0,,,,,0,,False
19043,19043,Isaiah McKenzie,IND,WR,454.4,573.6,11.0,132.4,66.3,0,0,,,,,0,,False
21564,21564,Craig Reynolds,DET,RB,668.9,708.0,9.0,37.1,65.9,0,0,,,,,0,,False
18422,18422,Kalif Raymond,DET,WR,585.5,1118.2,9.0,107.6,65.4,0,0,,,,,0,,False
14867,14867,Dustin Hopkins,LAC,K,1215.2,1598.2,5.0,66.4,65.0,0,0,,,,,0,,False
23345,23345,Kevin Harris,NE,RB,696.1,879.9,11.0,19.1,64.9,0,0,,,,,0,,False
21788,21788,Ke'Shawn Vaughn,TB,RB,1131.8,629.7,5.0,12.3,63.1,0,0,,,,,0,,False
21957,21957,Quez Watkins,PHI,WR,1004.2,600.8,10.0,87.7,62.8,0,0,,,,,0,,False
19044,19044,Jamal Agnew,JAX,WR,1433.1,1480.7,9.0,80.5,62.5,0,0,,,,,0,,False
21697,21697,Laviska Shenault Jr.,CAR,WR,490.2,767.6,7.0,77.8,62.0,0,0,,,,,0,,False
20905,20905,Donald Parham Jr.,LAC,TE,1245.9,805.0,5.0,32.3,62.0,0,0,,,,,0,,False
19080,19080,Noah Brown,HOU,WR,1392.2,803.3,7.0,121.7,60.4,0,0,,,,,0,,False
24204,24204,Evan Hull,IND,RB,600.8,512.3,11.0,0.0,59.0,0,0,,49.7,,,0,,False
19950,19950,Will Dissly,SEA,TE,1312.2,621.2,5.0,90.0,58.7,0,0,,,,,0,,False
20884,20884,Foster Moreau,NO,TE,1028.0,619.5,11.0,88.8,58.6,0,0,,,,,0,,False
21142,21142,Olamide Zaccheaus,PHI,WR,905.5,845.9,10.0,119.1,58.3,0,0,,,,,0,,False
18047,18047,Demarcus Robinson,LAR,WR,1188.0,1535.2,10.0,95.0,57.9,0,0,,,,,0,,False
21750,21750,Marquez Callaway,DEN,WR,900.4,1096.1,9.0,37.1,57.3,0,0,,,,,0,,False
24122,24122,Charlie Jones,CIN,WR,719.9,723.4,7.0,0.0,57.3,0,0,,,,,0,,False
14865,14865,Marquise Goodwin,CLE,WR,1211.8,1676.5,5.0,107.6,56.9,0,0,,,,,0,,False
24288,24288,Luke Schoonmaker,DAL,TE,597.4,612.7,7.0,0.0,56.5,0,0,,,,,0,,False
21785,21785,Noah Gray,KC,TE,762.5,643.4,10.0,71.5,56.4,0,0,,,,,0,,False
20039,20039,Boston Scott,PHI,RB,505.5,514.0,10.0,70.1,55.7,3,0,,,,,0,,False
23298,23298,Raheem Blackshear,CAR,RB,697.8,634.8,7.0,56.2,55.6,0,0,,,,,0,,False
21448,21448,Jalen Guyton,LAC,WR,862.9,1227.1,5.0,10.9,55.5,0,0,,,,,0,,False
21970,21970,James Robinson,NYG,RB,405.1,435.7,13.0,132.1,55.4,3,0,,,,234.7,0,,False
8358,8358,Brian Hoyer,LV,QB,1077.4,1589.7,13.0,4.3,55.3,0,0,,,,,0,,False
17179,17179,Taylor Heinicke,ATL,QB,485.1,546.3,11.0,197.4,54.8,0,0,,,,,0,,False
16815,16815,Ameer Abdullah,LV,RB,1252.7,1654.3,13.0,49.5,54.1,0,0,,,,,0,,False
18030,18030,Chris Moore,TEN,WR,1181.2,616.1,7.0,114.2,53.2,0,0,,,,,0,,False
18003,18003,Kenyan Drake,IND,RB,929.3,609.3,11.0,148.2,53.2,0,0,,,,,0,,False
20880,20880,Gardner Minshew,IND,QB,965.0,776.1,11.0,62.7,53.1,0,0,,,,,0,,False
24194,24194,Sean Tucker,TB,RB,377.8,466.3,5.0,0.0,52.3,3,0,,32.3,,,0,,False
20013,20013,Cedrick Wilson Jr.,MIA,WR,1056.9,994.0,10.0,24.5,52.2,0,0,,,,,0,,False
22674,22674,Deon Jackson,IND,RB,464.6,474.9,11.0,92.8,52.1,0,0,,,,,0,,False
24347,24347,Xavier Hutchinson,HOU,WR,1014.4,1148.8,7.0,0.0,52.1,0,0,,49.9,,,0,,False
13741,13741,Brandon Bolden,LV,RB,1441.6,1647.5,13.0,31.1,51.9,0,0,,,,,0,,False
16917,16917,C.J. Uzomah,NYJ,TE,1213.5,660.4,7.0,59.9,51.9,0,0,,,,,0,,False
21593,21593,D'Ernest Johnson,JAX,RB,536.1,542.9,9.0,7.0,51.4,3,0,,,,257.7,0,,False
23463,23463,Kyle Philips,TEN,WR,638.2,631.4,7.0,11.0,50.7,0,0,,,,,0,,False
23634,23634,Samori Toure,GB,WR,931.0,888.4,6.0,24.2,50.2,0,0,,,,,0,,False
21263,21263,Trenton Irwin,CIN,WR,912.3,876.5,7.0,82.0,50.1,0,0,,,,,0,,False
19922,19922,Justin Watson,KC,WR,1530.1,966.7,10.0,74.0,49.5,0,0,,,,,0,,False
22676,22676,Kene Nwangwu,MIN,RB,1065.5,1051.8,13.0,10.1,49.4,0,0,,,,,0,,False
23163,23163,Justyn Ross,KC,WR,406.8,422.1,10.0,0.0,49.4,0,0,,,,,0,,False
23273,23273,Hassan Haskins,TEN,RB,497.0,502.1,7.0,25.5,49.3,0,0,,,,,0,,False
16855,16855,Ty Montgomery,NE,WR,1264.6,520.8,11.0,12.4,49.1,0,0,,,,,0,,False
19943,19943,Durham Smythe,MIA,TE,1337.8,602.5,10.0,42.6,49.1,0,0,,,,,0,,False
21721,21721,Devin Duvernay,BAL,WR,554.9,636.5,13.0,124.4,48.9,0,0,,,,,0,,False
18187,18187,Robbie Chosen,MIA,WR,1206.7,1116.5,10.0,54.8,48.5,0,0,,,,,0,,False
18900,18900,Mo Alie-Cox,IND,TE,1062.0,1244.2,11.0,59.4,48.2,0,0,,,,,0,,False
23121,23121,Kayshon Boutte,NE,WR,524.2,503.8,11.0,0.0,47.9,0,0,,,,,0,,False
22566,22566,Calvin Austin III,PIT,WR,560.0,587.2,6.0,0.0,47.7,0,0,,,,,0,,False
21163,21163,Deonte Harty,BUF,WR,667.2,823.8,13.0,-1.2,47.3,0,0,,,,,0,,False
23270,23270,Will Levis,TEN,QB,510.6,537.8,7.0,0.0,47.3,0,0,,31.1,,,0,,False
23136,23136,Darnell Washington,PIT,TE,473.2,481.7,6.0,0.0,47.1,0,0,,,,,0,,False
19812,19812,Sam Darnold,SF,QB,903.8,578.7,9.0,146.9,46.7,0,0,,,,,0,,False
19823,19823,Royce Freeman,LAR,RB,1455.2,1407.6,10.0,22.1,46.5,0,0,,,,,0,,False
19972,19972,Mike White,MIA,QB,1039.9,577.0,10.0,96.3,46.5,0,0,,,,,0,,False
22686,22686,Dyami Brown,WAS,WR,781.2,890.1,14.0,47.3,46.5,0,0,,,,,0,,False
24118,24118,Tucker Kraft,GB,TE,677.4,1256.1,6.0,0.0,46.3,0,0,,50.5,,,0,,False
23010,23010,Brock Wright,DET,TE,983.8,687.6,9.0,77.6,46.2,0,0,,,,,0,,False
19491,19491,Robert Tonyan,CHI,TE,462.9,522.5,13.0,100.4,46.0,0,0,,,,,0,,False
14901,14901,Kyle Juszczyk,SF,RB,590.6,529.3,9.0,58.9,45.6,0,0,,,,,0,,False
18990,18990,Jonnu Smith,ATL,TE,1361.6,1210.1,11.0,42.6,45.6,0,0,,,,,0,,False
21783,21783,Harrison Bryant,CLE,TE,886.7,1038.2,5.0,52.3,43.7,0,0,,,,,0,,False
22823,22823,Kylen Granson,IND,TE,973.5,1079.1,11.0,51.4,43.5,0,0,,,,,0,,False
13227,13227,Randall Cobb,NYJ,WR,1317.3,1167.6,7.0,81.2,43.3,0,0,,,,,0,,False
21105,21105,Elliott Fry,DEN,K,1569.2,714.8,9.0,27.2,43.2,0,0,,,,,0,,False
21810,21810,Tyler Huntley,BAL,QB,980.4,638.2,13.0,85.1,43.0,0,0,,,,,0,,False
16776,16776,Melvin Gordon III,BAL,RB,514.0,571.9,13.0,105.7,43.0,0,0,,,,246.4,0,,False
21804,21804,DeeJay Dallas,SEA,RB,1079.1,953.1,5.0,49.7,43.0,0,0,,,,,0,,False
16763,16763,Marcus Mariota,PHI,QB,633.1,575.3,10.0,334.5,42.3,0,0,,,,,0,,False
20899,20899,Josh Oliver,MIN,TE,825.5,987.2,13.0,45.8,41.9,0,0,,,,,0,,False
21837,21837,J.J. Taylor,NE,RB,1201.6,965.0,11.0,4.9,40.2,0,0,,,,,0,,False
22657,22657,John Bates,WAS,TE,1186.3,1016.1,14.0,28.6,40.0,0,0,,,,,0,,False
23172,23172,Tyrion Davis-Price,SF,RB,699.5,854.4,9.0,16.8,39.0,0,0,,,,,0,,False
19172,19172,Zach Pascal,ARI,WR,1152.3,1574.4,14.0,35.7,38.9,0,0,,,,,0,,False
22517,22517,Peyton Hendershot,DAL,TE,726.8,747.2,7.0,48.5,38.9,0,0,,,,,0,,False
20954,20954,Jarrett Stidham,DEN,QB,1450.1,725.1,9.0,72.6,38.7,0,0,,,,,0,,False
22647,22647,Chris Evans,CIN,RB,1017.8,672.3,7.0,16.7,38.7,0,0,,,,,0,,False
18123,18123,Jeff Driskel,ARI,QB,1382.0,1620.3,14.0,27.6,38.4,0,0,,,,,0,,False
22567,22567,Cade Johnson,SEA,WR,1000.8,1247.6,5.0,6.1,38.3,0,0,,,,,0,,False
16781,16781,Nelson Agholor,BAL,WR,1099.5,1181.2,13.0,75.2,38.2,0,0,,,,,0,,False
22495,22495,Zach Wilson,NYJ,QB,711.4,645.1,7.0,166.7,38.2,0,0,,,,,0,,False
21807,21807,Colby Parkinson,SEA,TE,728.5,779.5,5.0,75.2,38.2,0,0,,,,,0,,False
22662,22662,Tommy Tremble,CAR,TE,602.5,907.2,7.0,56.8,38.1,0,0,,,,,0,,False
21798,21798,Josiah Deguara,GB,TE,1492.7,1068.9,6.0,19.4,37.9,0,0,,,,,0,,False
24223,24223,Brenton Strange,JAX,TE,663.8,842.5,9.0,0.0,37.5,0,0,,,,,0,,False
12831,12831,Tyrod Taylor,NYG,QB,1142.0,733.6,13.0,19.3,37.4,0,0,,,,,0,,False
24217,24217,Trey Palmer,TB,WR,645.1,883.3,5.0,0.0,37.3,0,0,,,,,0,,False
23237,23237,Chris Rodriguez Jr.,WAS,RB,580.4,646.8,14.0,0.0,37.1,0,0,,,,,0,,False
21786,21786,Adam Trautman,DEN,TE,1220.3,1159.1,9.0,45.4,37.1,0,0,,,,,0,,False
19897,19897,Tre'Quan Smith,NO,WR,1543.7,1145.4,11.0,57.5,36.8,0,0,,,,,0,,False
17218,17218,DeAndre Carter,LV,WR,1172.7,604.2,13.0,112.8,36.7,0,0,,,,,0,,False
14141,14141,Cole Beasley,NYG,WR,811.9,1165.9,13.0,10.1,36.6,0,0,,,,,0,,False
23267,23267,Bailey Zappe,NE,QB,772.7,679.1,11.0,65.8,36.5,0,0,,,,,0,,False
24373,24373,Kenny McIntosh,SEA,RB,508.9,515.7,5.0,0.0,36.3,0,0,,,,,0,,False
24214,24214,Keaton Mitchell,BAL,RB,1582.9,1484.1,13.0,0.0,36.3,0,0,,,,,0,,False
24349,24349,A.T. Perry,NO,WR,767.6,597.4,11.0,0.0,36.3,0,0,,50.5,,,0,,False
23199,23199,Sincere McCormick,LV,RB,672.3,859.5,13.0,0.0,36.2,0,0,,,,,0,,False
21383,21383,Jody Fortson,KC,TE,641.7,868.0,10.0,35.4,36.1,0,0,,,,,0,,False
23231,23231,Tyler Badie,DEN,RB,525.9,983.8,9.0,14.3,35.9,0,0,,,,,0,,False
23255,23255,Snoop Conner,JAX,RB,684.2,951.4,9.0,17.4,35.9,0,0,,,,,0,,False
19903,19903,Jordan Akins,CLE,TE,1313.9,1242.5,5.0,135.3,35.8,0,0,,,,,0,,False
22672,22672,Gary Brightwell,NYG,RB,752.3,782.9,13.0,40.8,35.7,0,0,,,,,0,,False
21952,21952,Rico Dowdle,DAL,RB,1199.9,1130.1,7.0,0.0,35.5,0,0,,,,,0,,False
21349,21349,Ashton Dulin,IND,WR,660.4,849.3,11.0,46.8,35.5,0,0,,,,,0,,False
23485,23485,Daniel Bellinger,NYG,TE,539.5,525.9,13.0,76.6,35.3,0,0,,,,,0,,False
21854,21854,Anthony McFarland Jr.,PIT,RB,1130.1,980.4,6.0,11.9,35.3,0,0,,,,,0,,False
20081,20081,Trent Sherfield,BUF,WR,1409.3,852.7,13.0,91.4,35.0,0,0,,,,,0,,False
23148,23148,David Bell,CLE,WR,546.3,791.4,5.0,36.4,35.0,0,0,,,,,0,,False
19079,19079,Zane Gonzalez,SF,K,1577.8,1271.4,9.0,149.8,34.9,3,3,,,,,0,,False
19961,19961,Ray-Ray McCloud III,SF,WR,1439.9,914.0,9.0,75.1,34.7,0,0,,,,,0,,False
24180,24180,Demario Douglas,NE,WR,634.8,798.2,11.0,0.0,34.6,0,0,,,,,0,,False
12841,12841,Andy Dalton,CAR,QB,1126.7,648.5,7.0,296.6,34.6,0,0,,,,,0,,False
20679,20679,KhaDarel Hodge,ATL,WR,1613.5,614.4,11.0,48.0,34.6,0,0,,,,,0,,False
21741,21741,Denzel Mims,DET,WR,818.7,934.4,9.0,31.7,34.5,0,0,,,,,0,,False
24220,24220,Tyler Scott,CHI,WR,1526.7,777.8,13.0,0.0,34.4,0,0,,,,,0,,False
20802,20802,Justice Hill,BAL,RB,1160.8,949.7,13.0,51.1,34.2,0,0,,,,,0,,False
23732,23732,John Parker Romo,DET,K,932.7,675.7,9.0,0.0,33.7,0,0,,,,,0,,False
20810,20810,Travis Homer,CHI,RB,1096.1,1128.4,13.0,46.1,33.4,0,0,,,,,0,,False
21794,21794,Albert Okwuegbunam,DEN,TE,1009.3,822.1,9.0,26.4,32.8,0,0,,,,,0,,False
21782,21782,Jonathan Ward,TEN,RB,994.0,1291.8,7.0,9.3,32.0,0,0,,,,,0,,False
20816,20816,Lil'Jordan Humphrey,DEN,WR,968.4,1072.3,9.0,5.8,31.9,0,0,,,,,0,,False
23355,23355,Teagan Quitoriano,HOU,TE,611.0,978.6,7.0,39.7,31.8,0,0,,,,,0,,False
22575,22575,Amari Rodgers,IND,WR,840.8,711.4,11.0,39.3,31.8,0,0,,,,,0,,False
24365,24365,Deneric Prince,KC,RB,568.5,536.1,10.0,0.0,31.7,0,0,,,,,0,,False
22521,22521,Jeremy Ruckert,NYJ,TE,636.5,922.5,7.0,2.3,31.6,0,0,,,,,0,,False
21686,21686,Jalen Reagor,MIN,WR,1116.5,1084.2,13.0,32.2,31.6,0,0,,,,,0,,False
20398,20398,Equanimeous St. Brown,CHI,WR,966.7,931.0,13.0,74.4,31.5,0,0,,,,,0,,False
24375,24375,Josh Whyle,TEN,TE,810.2,832.3,7.0,0.0,31.2,0,0,,,,,0,,False
19461,19461,Cooper Rush,DAL,QB,1019.5,694.4,7.0,96.4,31.1,0,0,,,,,0,,False
24449,24449,Elijah Higgins,MIA,TE,691.0,910.6,10.0,0.0,31.0,0,0,,,,,0,,False
22506,22506,Brevin Jordan,HOU,TE,544.6,915.7,7.0,21.8,30.8,0,0,,,,,0,,False
24177,24177,Tre Tucker,LV,WR,662.1,970.1,13.0,0.0,30.7,0,0,,,,,0,,False
21773,21773,Eno Benjamin,NO,RB,1026.3,1075.7,11.0,109.9,30.3,0,0,,,,,0,,False
24143,24143,Parker Washington,JAX,WR,1696.9,1695.2,9.0,0.0,30.3,0,0,,51.2,,,0,,False
16762,16762,Jameis Winston,NO,QB,1029.7,1188.0,11.0,74.8,30.1,0,0,,,,,0,,False
16866,16866,Jamison Crowder,NYG,WR,1157.4,1588.0,13.0,10.2,30.0,0,0,,,,,0,,False
24351,24351,Stetson Bennett,LAR,QB,740.4,718.2,10.0,0.0,29.9,0,0,,,,,0,,False
19910,19910,Ian Thomas,CAR,TE,1198.2,1169.3,7.0,33.5,29.8,0,0,,,,,0,,False
17914,17914,Laquon Treadwell,BAL,WR,1625.4,1154.0,13.0,12.2,29.8,0,0,,,,,0,,False
17009,17009,Trevor Siemian,CIN,QB,1135.2,650.2,7.0,17.3,29.7,0,0,,,,,0,,False
20150,20150,Byron Pringle,WAS,WR,1050.1,1119.9,14.0,43.4,29.5,0,0,,,,,0,,False
21728,21728,Lawrence Cager,NYG,TE,871.4,1196.5,13.0,30.3,29.4,0,0,,,,,0,,False
21138,21138,Scott Miller,ATL,WR,1502.9,988.9,11.0,32.8,29.3,0,0,,,,,0,,False
22612,22612,Tre Nixon,NE,WR,1080.8,1063.8,11.0,0.0,29.3,0,0,,,,,0,,False
23632,23632,Brittain Brown,LV,RB,1150.6,1123.3,13.0,0.0,29.2,0,0,,,,,0,,False
21743,21743,Lynn Bowden Jr.,NO,WR,737.0,811.9,11.0,0.0,29.0,0,0,,,,,0,,False
22597,22597,Jalen Tolbert,DAL,WR,754.0,796.5,7.0,3.5,29.0,0,0,,,,,0,,False
21774,21774,Tony Jones Jr.,DEN,RB,1089.3,1048.4,9.0,15.6,29.0,0,0,,,,,0,,False
21731,21731,John Hightower,LAC,WR,599.1,992.3,5.0,0.0,28.8,0,0,,,,,0,,False
22569,22569,Dee Eskridge,SEA,WR,1092.7,895.3,5.0,11.6,28.5,0,0,,,,,0,,False
19659,19659,Dan Arnold,PHI,TE,869.7,752.3,10.0,23.0,28.3,0,0,,,,,0,,False
11488,11488,Jimmy Graham,NO,TE,1203.3,611.0,11.0,62.5,28.1,0,0,,,,,0,,False
18811,18811,Mitch Trubisky,PIT,QB,1251.0,657.0,6.0,125.7,28.1,0,0,,,,,0,,False
12982,12982,Blaine Gabbert,KC,QB,1424.6,1356.5,10.0,14.9,28.0,0,0,,,,,0,,False
21400,21400,Steven Sims,HOU,WR,1511.4,1176.1,7.0,29.6,28.0,0,0,,,,,0,,False
22533,22533,Demetric Felton Jr.,CLE,RB,1058.6,1274.8,5.0,1.2,27.9,0,0,,,,,0,,False
20823,20823,Tyree Jackson,PHI,TE,927.6,1160.8,10.0,0.0,27.6,0,0,,,,,0,,False
18073,18073,Jonathan Williams,WAS,RB,1208.4,1577.8,14.0,32.7,27.6,0,0,,,,,0,,False
22515,22515,Cole Turner,WAS,TE,609.3,976.9,14.0,6.7,27.3,0,0,,,,,0,,False
23481,23481,Velus Jones Jr.,CHI,WR,922.5,1034.8,13.0,46.0,27.3,0,0,,,,,0,,False
23253,23253,Dontayvion Wicks,GB,WR,650.2,784.6,6.0,0.0,27.2,0,0,,,,,0,,False
20159,20159,Mike Boone,HOU,RB,1525.0,1390.5,7.0,33.7,27.2,0,0,,,,,0,,False
22609,22609,Shi Smith,CAR,WR,743.8,885.0,7.0,67.4,27.1,0,0,,,,,0,,False
23368,23368,Jalen Nailor,MIN,WR,628.0,999.1,13.0,40.7,27.0,0,0,,,,,0,,False
23166,23166,Rakim Jarrett,TB,WR,1504.6,1685.0,5.0,0.0,26.9,0,0,,,,,0,,False
21678,21678,Brycen Hopkins,LAR,TE,1456.9,997.4,10.0,18.6,26.6,0,0,,,,,0,,False
24211,24211,Zack Kuntz,NYJ,TE,680.8,813.6,7.0,0.0,26.3,0,0,,,,,0,,False
20953,20953,Easton Stick,LAC,QB,1649.2,1249.3,5.0,0.0,26.2,0,0,,,,,0,,False
21865,21865,Stephen Sullivan,CAR,TE,1046.7,1300.3,7.0,13.3,26.2,0,0,,,,,0,,False
18104,18104,Nate Sudfeld,DET,QB,1283.3,1516.5,9.0,-0.7,26.1,0,0,,,,,0,,False
22126,22126,Ty'Son Williams,ARI,RB,1489.2,1230.5,14.0,1.4,26.1,0,0,,,,,0,,False
24421,24421,Cameron Latu,SF,TE,629.7,917.4,9.0,0.0,26.0,0,0,,,,,0,,False
22505,22505,Davis Mills,HOU,QB,549.7,670.6,7.0,308.9,26.0,0,0,,,,,0,,False
19035,19035,Eric Saubert,MIA,TE,1225.4,1302.0,10.0,35.4,25.8,0,0,,,,,0,,False
19191,19191,P.J. Walker,CHI,QB,1633.9,1203.3,13.0,66.6,25.8,0,0,,,,,0,,False
21801,21801,Trey Sermon,PHI,RB,1055.2,668.9,10.0,5.5,25.7,0,0,,,,,0,,False
24121,24121,Derius Davis,LAC,WR,542.9,927.6,5.0,0.0,25.6,0,0,,,,,0,,False
23618,23618,Ko Kieft,TB,TE,1033.1,1182.9,5.0,23.8,25.3,0,0,,,,,0,,False
22556,22556,Jaret Patterson,WAS,RB,776.1,820.4,14.0,13.3,25.1,0,0,,,,,0,,False
22213,22213,Kendall Hinton,DEN,WR,1485.8,1131.8,9.0,55.1,25.0,0,0,,,,,0,,False
19330,19330,Nick Mullens,MIN,QB,1244.2,1205.0,13.0,20.0,24.9,0,0,,,,,0,,False
23135,23135,Charlie Kolar,BAL,TE,714.8,685.9,13.0,14.2,24.8,0,0,,,,,0,,False
20792,20792,N'Keal Harry,MIN,WR,883.3,1317.3,13.0,30.0,24.8,0,0,,,,,0,,False
22509,22509,Hunter Long,LAR,TE,820.4,682.5,10.0,0.0,24.5,0,0,,,,,0,,False
16846,16846,Tyler Kroft,MIA,TE,1376.9,1378.6,10.0,16.5,24.4,0,0,,,,,0,,False
22524,22524,James Mitchell,DET,TE,529.3,897.0,9.0,29.4,24.3,0,0,,,,,0,,False
24148,24148,Davis Allen,LAR,TE,713.1,919.1,10.0,0.0,24.2,0,0,,,,,0,,False
16497,16497,Teddy Bridgewater,DET,QB,1380.3,1565.8,9.0,64.7,24.2,0,0,,,,,0,,False
19957,19957,John Kelly Jr.,CLE,RB,1477.3,1373.5,5.0,0.0,24.2,0,0,,,,,0,,False
16878,16878,Blake Bell,KC,TE,1346.3,1365.0,10.0,13.6,24.1,0,0,,,,,0,,False
18973,18973,C.J. Beathard,JAX,QB,1002.5,1315.6,9.0,-1.7,24.0,0,0,,,,,0,,False
16790,16790,Phillip Dorsett,LV,WR,1325.9,1605.0,13.0,54.0,23.8,0,0,,,,,0,,False
22138,22138,Tyler Davis,GB,TE,1494.4,1341.2,6.0,7.5,23.8,0,0,,,,,0,,False
23636,23636,Zander Horvath,LAC,RB,963.3,1024.6,5.0,23.1,23.4,0,0,,,,,0,,False
21823,21823,Patrick Taylor,GB,RB,1189.7,1009.3,6.0,13.9,23.4,0,0,,,,,0,,False
21777,21777,Larry Rountree III,LAC,RB,798.2,754.0,5.0,9.6,23.3,0,0,,,,,0,,False
17141,17141,Damiere Byrd,CAR,WR,1296.9,1603.3,7.0,66.0,23.3,0,0,,,,,0,,False
23746,23746,Deven Thompkins,TB,WR,594.0,874.8,5.0,16.8,23.2,0,0,,,,,0,,False
20931,20931,Drew Sample,CIN,TE,1565.8,1111.4,7.0,-0.3,23.1,0,0,,,,,0,,False
23482,23482,Bo Melton,GB,WR,755.7,786.3,6.0,0.0,23.0,0,0,,,,,0,,False
19120,19120,David Moore,TB,WR,839.1,760.8,5.0,0.0,22.8,0,0,,,,,0,,False
21736,21736,Bryan Edwards,NO,WR,878.2,1310.5,11.0,4.3,22.7,0,0,,,,,0,,False
24170,24170,Clayton Tune,ARI,QB,721.6,851.0,14.0,0.0,22.5,0,0,,,,,0,,False
22520,22520,Miller Forristall,CLE,TE,1043.3,1262.9,5.0,0.0,22.4,0,0,,,,,0,,False
20361,20361,Ross Dwelley,SF,TE,1608.4,1448.4,9.0,28.1,22.3,0,0,,,,,0,,False
23586,23586,Julius Chestnut,TEN,RB,624.6,975.2,7.0,15.4,22.3,0,0,,,,,0,,False
21277,21277,David Blough,ARI,QB,1639.0,1496.1,14.0,31.6,22.1,0,0,,,,,0,,False
22206,22206,Reggie Gilliam,BUF,RB,1235.7,592.3,13.0,22.0,22.0,0,0,,,,,0,,False
19025,19025,Joshua Dobbs,CLE,QB,1274.8,702.9,5.0,35.5,21.9,0,0,,,,,0,,False
19854,19854,Dante Pettis,CHI,WR,1567.5,1193.1,13.0,78.6,21.8,0,0,,,,,0,,False
23642,23642,Jalen Virgil,DEN,WR,995.7,1290.1,9.0,19.6,21.8,0,0,,,,,0,,False
24476,24476,Sean Clifford,GB,QB,769.3,667.2,6.0,0.0,21.8,0,0,,,,,0,,False
20859,20859,Drew Lock,SEA,QB,939.5,665.5,5.0,0.0,21.6,0,0,,,,,0,,False
23573,23573,Danny Gray,SF,WR,1540.3,1332.7,9.0,5.5,21.6,0,0,,,,,0,,False
22661,22661,Jack Stoll,PHI,TE,1176.1,1133.5,10.0,20.9,21.5,0,0,,,,,0,,False
22511,22511,Quintin Morris,BUF,TE,808.4,704.6,13.0,21.1,21.4,0,0,,,,,0,,False
3061,3061,Marcedes Lewis,CHI,TE,1402.4,1368.4,13.0,35.1,21.3,0,0,,,,,0,,False
24215,24215,Lew Nichols,GB,RB,675.7,869.7,6.0,0.0,21.2,0,0,,,,,0,,False
16787,16787,Breshad Perriman,IND,WR,1290.1,1582.9,11.0,24.3,20.8,0,0,,,,,0,,False
22234,22234,Andre Baccellia,ARI,WR,1473.9,1331.0,14.0,13.0,20.6,0,0,,,,,0,,False
18652,18652,C.J. Ham,MIN,RB,1637.3,830.6,13.0,36.3,20.6,0,0,,,,,0,,False
19705,19705,Greg Ward,PHI,WR,1579.5,1431.4,10.0,46.9,20.4,0,0,,,,,0,,False
20053,20053,Kyle Allen,BUF,QB,1269.7,662.1,13.0,27.1,20.3,0,0,,,,,0,,False
24119,24119,Andrei Iosivas,CIN,WR,631.4,1011.0,7.0,0.0,20.3,0,0,,,,,0,,False
24221,24221,Justin Shorter,BUF,WR,534.4,815.3,13.0,0.0,20.0,0,0,,,,,0,,False
17005,17005,Geoff Swaim,ARI,TE,1218.6,1545.4,14.0,20.1,19.9,0,0,,,,,0,,False
20819,20819,Alec Ingold,MIA,RB,1414.4,774.4,10.0,39.7,19.8,0,0,,,,,0,,False
23608,23608,Andrew Ogletree,IND,TE,1678.2,1700.3,11.0,0.0,19.7,0,0,,,,,0,,False
20506,20506,Tanner Hudson,CIN,TE,577.0,939.5,7.0,22.5,19.7,0,0,,,,,0,,False
19514,19514,Keelan Cole Sr.,LV,WR,1640.7,1501.2,13.0,34.2,19.6,0,0,,,,,0,,False
22512,22512,Tre' McKitty,LAC,TE,1119.9,941.2,5.0,12.3,19.6,0,0,,,,,0,,False
22645,22645,Simi Fehoko,DAL,WR,522.5,1012.7,7.0,7.0,19.6,0,0,,,,,0,,False
23143,23143,Will Mallory,IND,TE,582.1,898.7,11.0,0.0,19.3,0,0,,,,,0,,False
21843,21843,Salvon Ahmed,MIA,RB,844.2,706.3,10.0,22.5,19.3,0,0,,,,,0,,False
23487,23487,Connor Heyward,PIT,TE,796.5,697.8,6.0,40.5,19.1,0,0,,,,,0,,False
21817,21817,Kellen Mond,CLE,QB,1075.7,1058.6,5.0,0.0,19.1,0,0,,,,,0,,False
20529,20529,Cam Sims,LV,WR,1674.8,1519.9,13.0,15.1,19.1,0,0,,,,,0,,False
17762,17762,Chris Manhertz,DEN,TE,1373.5,1662.9,9.0,12.2,18.7,0,0,,,,,0,,False
20929,20929,Brett Rypien,LAR,QB,1501.2,1354.8,10.0,30.7,18.6,0,0,,,,,0,,False
20963,20963,Cody Thompson,SEA,WR,1650.9,1426.3,5.0,0.0,18.5,0,0,,,,,0,,False
24140,24140,Hendon Hooker,DET,QB,1121.6,653.6,9.0,0.0,18.5,0,0,,45.3,,,0,,False
16837,16837,Chris Conley,SF,WR,1324.2,1615.2,9.0,13.3,18.2,0,0,,,,,0,,False
23209,23209,Mohamed Ibrahim,DET,RB,1138.6,1007.6,9.0,0.0,18.2,0,0,,,,,0,,False
23101,23101,Parker Hesse,ATL,TE,1519.9,1397.3,11.0,15.1,18.0,0,0,,,,,0,,False
24151,24151,Payne Durham,TB,TE,622.9,963.3,5.0,0.0,17.9,0,0,,,,,0,,False
24149,24149,Brayden Willis,SF,TE,653.6,1046.7,9.0,0.0,17.8,0,0,,,,,0,,False
20770,20770,Zach Gentry,PIT,TE,951.4,1121.6,6.0,22.5,17.8,0,0,,,,,0,,False
21960,21960,Freddie Swain,MIA,WR,881.6,1327.6,10.0,12.6,17.2,0,0,,,,,0,,False
21368,21368,Trinity Benson,DET,WR,674.0,857.8,9.0,0.0,16.9,0,0,,,,,0,,False
19209,19209,Patrick Ricard,BAL,RB,1599.9,937.8,13.0,15.3,16.8,0,0,,,,,0,,False
20812,20812,Jesper Horsted,LV,TE,953.1,1208.4,13.0,5.5,16.8,0,0,,,,,0,,False
21771,21771,Devin Asiasi,CIN,TE,1085.9,1050.1,7.0,1.4,16.8,0,0,,,,,0,,False
21718,21718,Joe Reed,CHI,WR,1177.8,1114.8,13.0,15.1,16.8,0,0,,,,,0,,False
17223,17223,Eric Tomlinson,HOU,TE,1358.2,1671.4,7.0,33.9,16.7,0,0,,,,,0,,False
20768,20768,Myles Gaskin,MIA,RB,1484.1,1191.4,10.0,15.6,16.6,0,0,,,,,0,,False
21959,21959,Dezmon Patmon,BUF,WR,1041.6,1286.7,13.0,7.0,16.6,0,0,,,,,0,,False
19755,19755,River Cracraft,MIA,WR,1603.3,1021.2,10.0,37.8,16.6,0,0,,,,,0,,False
22548,22548,Gerrid Doaks,HOU,RB,1031.4,1312.2,7.0,0.0,16.6,0,0,,,,,0,,False
19850,19850,Mason Rudolph,PIT,QB,1673.1,1492.7,6.0,0.0,16.6,0,0,,,,,0,,False
21795,21795,Luke Farrell,JAX,TE,1091.0,1074.0,9.0,11.6,16.5,0,0,,,,,0,,False
21967,21967,Isaiah Coulter,BUF,WR,854.4,738.7,13.0,0.0,16.3,0,0,,,,,0,,False
24350,24350,Aidan O'Connell,LV,QB,764.2,810.2,13.0,0.0,16.2,0,0,,,,,0,,False
21845,21845,Darrynton Evans,BUF,RB,1070.6,1281.6,13.0,16.5,16.1,0,0,,,,,0,,False
23725,23725,Dennis Houston,DAL,WR,799.9,692.7,7.0,4.6,16.0,0,0,,,,,0,,False
21732,21732,Giovanni Ricci,CAR,TE,898.7,1228.8,7.0,17.0,15.9,0,0,,,,,0,,False
24171,24171,Jaren Hall,MIN,QB,702.9,903.8,13.0,0.0,15.9,0,0,,,,,0,,False
21227,21227,Andrew Beck,HOU,RB,1669.7,1518.2,7.0,11.7,15.9,0,0,,,,,0,,False
21601,21601,Gunner Olszewski,PIT,WR,665.5,835.7,6.0,12.3,15.9,0,0,,,,,0,,False
21240,21240,Damarea Crockett,NYJ,RB,1016.1,1264.6,7.0,2.0,15.9,0,0,,,,,0,,False
20886,20886,Stanley Morgan,CIN,WR,1496.1,1337.8,7.0,0.0,15.8,0,0,,,,,0,,False
23996,23996,Kendric Pryor,JAX,WR,1191.4,1152.3,9.0,0.0,15.7,0,0,,,,,0,,False
19361,19361,Marcus Kemp,WAS,WR,1622.0,1460.3,14.0,0.0,15.6,0,0,,,,,0,,False
23118,23118,Malik Willis,TEN,QB,1106.3,1005.9,7.0,32.9,15.5,0,0,,,,,0,,False
20835,20835,KeeSean Johnson,BUF,WR,1545.4,1157.4,13.0,29.4,15.5,0,0,,,,,0,,False
22596,22596,Jaelon Darden,CLE,WR,861.2,748.9,5.0,8.1,15.4,0,0,,,,,0,,False
23644,23644,Stone Smartt,LAC,TE,868.0,757.4,5.0,4.9,15.4,0,0,,,,,0,,False
23325,23325,Erik Ezukanma,MIA,WR,565.1,924.2,10.0,0.9,15.4,0,0,,,,,0,,False
23978,23978,Raleigh Webb,NE,WR,978.6,1099.5,11.0,0.0,15.0,0,0,,,,,0,,False
20820,20820,Andy Isabella,BUF,WR,1463.7,1043.3,13.0,6.4,15.0,0,0,,,,,0,,False
22683,22683,Jacob Harris,JAX,WR,897.0,1225.4,9.0,1.7,14.9,0,0,,,,,0,,False
24068,24068,KaVontae Turpin,DAL,WR,1482.4,925.9,7.0,-2.4,14.9,0,0,,,,,0,,False
20487,20487,Brandon Powell,MIN,WR,1647.5,1198.2,13.0,40.2,14.9,0,0,,,,,0,,False
21964,21964,Cody White,PIT,WR,801.6,728.5,6.0,0.6,14.9,0,0,,,,,0,,False
18197,18197,Alex Erickson,NYJ,WR,1288.4,1584.6,7.0,0.0,14.8,0,0,,,,,0,,False
21211,21211,Patrick Laird,TB,RB,1451.8,1417.8,5.0,6.1,14.7,0,0,,,,,0,,False
22588,22588,Anthony Schwartz,CLE,WR,621.2,973.5,5.0,25.2,14.7,0,0,,,,,0,,False
23624,23624,Dareke Young,SEA,WR,1693.5,1303.7,5.0,7.0,14.6,0,0,,,,,0,,False
18103,18103,Jakeem Grant Sr.,CLE,WR,1305.4,1610.1,5.0,38.3,14.5,0,0,,,,,0,,False
21797,21797,La'Mical Perine,KC,RB,992.3,1104.6,10.0,9.0,14.5,0,0,,,,,0,,False
20957,20957,Tommy Sweeney,NYG,TE,1548.8,1414.4,13.0,2.0,14.1,0,0,,,,,0,,False
20295,20295,Vyncint Smith,IND,WR,1528.4,1399.0,11.0,0.0,14.0,0,0,,,,,0,,False
19296,19296,Anthony Firkser,NE,TE,1615.2,1491.0,11.0,17.0,14.0,0,0,,,,,0,,False
22415,22415,Mason Kinsey,TEN,WR,1685.0,1696.9,7.0,0.9,14.0,0,0,,,,,0,,False
15694,15694,Case Keenum,HOU,QB,1417.8,1632.2,7.0,0.9,14.0,0,0,,,,,0,,False
22622,22622,Racey McMath,TEN,WR,1136.9,1017.8,7.0,12.7,13.9,0,0,,,,,0,,False
20134,20134,Kevin Rader,TEN,TE,1521.6,1412.7,7.0,0.0,13.8,0,0,,,,,0,,False
16903,16903,MyCole Pruitt,ATL,TE,1336.1,1649.2,11.0,66.4,13.8,0,0,,,,,0,,False
23867,23867,Armani Rogers,WAS,TE,1167.6,959.9,14.0,15.3,13.8,0,0,,,,,0,,False
19304,19304,Pharaoh Brown,IND,TE,1232.2,1564.1,11.0,19.9,13.7,0,0,,,,,0,,False
23470,23470,Trestan Ebner,CHI,RB,725.1,759.1,13.0,12.2,13.7,0,0,,,,,0,,False
19865,19865,James Washington,NO,WR,1552.2,1422.9,11.0,0.0,13.7,0,0,,,,,0,,False
14855,14855,Matt Barkley,BUF,QB,1341.2,1305.4,13.0,0.0,13.6,0,0,,,,,0,,False
24431,24431,Camerun Peoples,CAR,RB,561.7,936.1,7.0,0.0,13.6,0,0,,,,,0,,False
19064,19064,Trent Taylor,CIN,WR,1574.4,1164.2,7.0,16.5,13.5,0,0,,,,,0,,False
23477,23477,Skylar Thompson,MIA,QB,845.9,1143.7,10.0,29.7,13.5,0,0,,,,,0,,False
23090,23090,C.J. Saunders,CAR,WR,1169.3,1295.2,7.0,3.2,13.5,0,0,,,,,0,,False
22591,22591,Dez Fitzpatrick,PIT,WR,1164.2,1142.0,6.0,0.0,13.5,0,0,,,,,0,,False
24175,24175,Max Duggan,LAC,QB,742.1,886.7,5.0,0.0,13.4,0,0,,,,,0,,False
19165,19165,Johnny Mundt,MIN,TE,1581.2,1441.6,13.0,34.0,13.4,0,0,,,,,0,,False
22594,22594,Frank Darby,ATL,WR,1005.9,1251.0,11.0,4.3,13.3,0,0,,,,,0,,False
24331,24331,Grant DuBose,GB,WR,1698.6,1344.6,6.0,0.0,13.3,0,0,,,,,0,,False
22547,22547,Ronnie Rivers,LAR,RB,835.7,1019.5,10.0,14.5,13.2,0,0,,,,,0,,False
23230,23230,Dorian Thompson-Robinson,CLE,QB,595.7,958.2,5.0,0.0,13.1,0,0,,,,,0,,False
22498,22498,Feleipe Franks,ATL,TE,888.4,1308.8,11.0,0.0,13.0,0,0,,,,,0,,False
22119,22119,Charlie Woerner,SF,TE,1155.7,1102.9,9.0,0.0,12.8,0,0,,,,,0,,False
23084,23084,Shane Zylstra,DET,TE,1683.3,1688.4,9.0,51.1,12.7,0,0,,,,,0,,False
23468,23468,Michael Woods II,CLE,WR,793.1,827.2,5.0,11.6,12.7,0,0,,,,,0,,False
22572,22572,Dax Milne,WAS,WR,708.0,902.1,14.0,16.5,12.6,0,0,,,,,0,,False
23966,23966,Lance McCutcheon,LAR,WR,857.8,735.3,10.0,0.0,12.5,0,0,,,,,0,,False
20684,20684,Malik Turner,IND,WR,1662.9,1525.0,11.0,0.0,12.4,0,0,,,,,0,,False
23467,23467,Jalen Moreno-Cropper,DAL,WR,657.0,856.1,7.0,0.0,12.3,0,0,,,,,0,,False
20977,20977,Trevon Wesco,TEN,TE,1021.2,1261.2,7.0,13.3,12.3,0,0,,,,,0,,False
21815,21815,Sam Ehlinger,IND,QB,1109.7,1092.7,11.0,60.6,12.2,0,0,,,,,0,,False
22477,22477,Dominique Dafney,TB,TE,1128.4,1039.9,5.0,9.8,12.1,0,0,,,,,0,,False
24199,24199,Bryce Ford-Wheaton,NYG,WR,566.8,929.3,13.0,0.0,12.0,0,0,,,,,0,,False
22604,22604,Tylan Wallace,BAL,WR,716.5,769.3,13.0,9.6,12.0,0,0,,,,,0,,False
23486,23486,Grant Calcaterra,PHI,TE,1111.4,1028.0,10.0,13.8,11.9,0,0,,,,,0,,False
21764,21764,Jason Huntley,IND,RB,1063.8,1279.9,11.0,14.8,11.8,0,0,,,,,0,,False
19937,19937,Keke Coutee,NO,WR,942.9,1194.8,11.0,0.0,11.8,0,0,,,,,0,,False
22555,22555,Jermar Jefferson,DET,RB,605.9,806.7,9.0,0.0,11.8,0,0,,,,,0,,False
21295,21295,Nsimba Webster,CHI,WR,1676.5,1509.7,13.0,4.1,11.7,0,0,,,,,0,,False
21037,21037,Miles Boykin,PIT,WR,959.9,1232.2,6.0,3.2,11.7,0,0,,,,,0,,False
22925,22925,Avery Williams,ATL,RB,1179.5,1155.7,11.0,35.7,11.6,0,0,,,,,0,,False
23604,23604,Montrell Washington,DEN,WR,827.2,658.7,9.0,3.5,11.6,0,0,,,,,0,,False
22892,22892,Tim Jones,JAX,WR,866.3,742.1,9.0,8.7,11.4,0,0,,,,,0,,False
20900,20900,Qadree Ollison,JAX,RB,1661.2,1429.7,9.0,0.0,11.3,0,0,,,,,0,,False
23840,23840,Kevin Austin Jr.,JAX,WR,587.2,995.7,9.0,0.0,11.3,0,0,,,,,0,,False
23737,23737,Tanner Conner,MIA,TE,1084.2,1056.9,10.0,0.0,11.3,0,0,,,,,0,,False
22407,22407,Tyler Mabry,SEA,TE,917.4,1184.6,5.0,11.4,11.2,0,0,,,,,0,,False
21072,21072,Keelan Doss,LAC,WR,1668.0,1513.1,5.0,0.0,11.2,0,0,,,,,0,,False
21781,21781,Sean McKeon,DAL,TE,1034.8,1313.9,7.0,3.2,11.1,0,0,,,,,0,,False
19626,19626,Dare Ogunbowale,HOU,RB,1247.6,1320.8,7.0,48.8,11.0,0,0,,,,,0,,False
20191,20191,Godwin Igwebuike,ATL,RB,1593.1,1436.5,11.0,2.0,10.9,0,0,,,,,0,,False
21032,21032,Kendall Blanton,KC,TE,1550.5,1421.2,10.0,10.1,10.8,0,0,,,,,0,,False
19075,19075,Mason Schreck,HOU,TE,1216.9,1540.3,7.0,1.7,10.8,0,0,,,,,0,,False
23004,23004,Adam Prentice,NO,RB,1101.2,1189.7,11.0,5.2,10.8,0,0,,,,,0,,False
23488,23488,Curtis Hodges,WAS,TE,1074.0,1077.4,14.0,0.0,10.8,0,0,,,,,0,,False
20703,20703,John Wolford,TB,QB,1557.3,1385.4,5.0,25.2,10.7,0,0,,,,,0,,False
21531,21531,Chris Myarick,NYG,RB,1348.0,1438.2,13.0,21.3,10.7,0,0,,,,,0,,False
19981,19981,Daurice Fountain,CHI,WR,1664.6,1234.0,13.0,0.0,10.7,0,0,,,,,0,,False
21724,21724,Easop Winston Jr.,SEA,WR,1108.0,1085.9,5.0,1.4,10.5,0,0,,,,,0,,False
21723,21723,James Proche II,BAL,WR,1458.6,1370.1,13.0,12.2,10.5,0,0,,,,,0,,False
22627,22627,Ronnie Bell,SF,WR,617.8,1014.4,9.0,0.0,10.5,0,0,,,,,0,,False
22635,22635,Jalen Camp,HOU,WR,1011.0,1257.8,7.0,2.0,10.3,0,0,,,,,0,,False
6489,6489,Josh Johnson,BAL,QB,1390.5,1329.3,13.0,2.0,10.3,0,0,,,,,0,,False
23249,23249,Jake Haener,NO,QB,837.4,719.9,11.0,0.0,10.3,0,0,,57.0,,,0,,False
23052,23052,Nate McCrary,GB,RB,1690.1,1499.5,6.0,-0.2,10.2,0,0,,,,,0,,False
7651,7651,Matthew Slater,NE,WR,1385.4,1235.7,11.0,0.0,10.2,0,0,,,,,0,,False
24293,24293,Antoine Green,DET,WR,616.1,1000.8,9.0,0.0,10.2,0,0,,,,,0,,False
24397,24397,Jalen Brooks,DAL,WR,1681.6,1698.6,7.0,0.0,10.1,0,0,,,,,0,,False
22678,22678,Jake Funk,IND,RB,1053.5,1273.1,11.0,0.0,10.1,0,0,,,,,0,,False
22608,22608,Seth Williams,JAX,WR,563.4,920.8,9.0,9.8,10.0,0,0,,,,,0,,False
23650,23650,Lucas Krull,NO,TE,537.8,968.4,11.0,0.0,9.7,0,0,,,,,0,,False
21310,21310,Khari Blasingame,CHI,RB,1553.9,1409.3,13.0,0.0,9.7,0,0,,,,,0,,False
22973,22973,Austin Trammell,LAR,WR,864.6,750.6,10.0,3.8,9.6,0,0,,,,,0,,False
24076,24076,Josh Ali,ATL,WR,735.3,808.4,11.0,0.0,9.5,0,0,,,,,0,,False
18118,18118,Brandon Allen,SF,QB,1298.6,1608.4,9.0,2.3,9.2,0,0,,,,,0,,False
24124,24124,Tanner McKee,PHI,QB,519.1,942.9,10.0,0.0,8.8,0,0,,,,,0,,False
21825,21825,Spencer Brown,CAR,RB,817.0,655.3,7.0,15.4,8.8,0,0,,,,,0,,False
21800,21800,Mitchell Wilcox,CIN,TE,895.3,1108.0,7.0,33.9,8.6,0,0,,,,,0,,False
20071,20071,Keith Kirkwood,NO,WR,1623.7,1087.6,11.0,5.2,8.6,0,0,,,,,0,,False
21158,21158,Matt Sokol,NE,TE,1666.3,1514.8,11.0,0.0,8.5,0,0,,,,,0,,False
22615,22615,Kawaan Baker,NO,WR,1104.6,1070.6,11.0,0.0,8.5,0,0,,,,,0,,False
21796,21796,Noah Togiai,ARI,TE,914.0,1222.0,14.0,0.0,8.5,0,0,,,,,0,,False
21808,21808,Dalton Keene,HOU,TE,1147.1,1026.3,7.0,4.6,8.3,0,0,,,,,0,,False
23685,23685,James McCourt,JAX,K,961.6,1113.1,9.0,0.0,7.8,0,0,,,,,0,,False
23183,23183,Matt Corral,CAR,QB,779.5,912.3,7.0,0.0,7.6,0,0,,,,,0,,False
21100,21100,Jakob Johnson,LV,RB,1387.1,1465.4,13.0,2.9,7.2,0,0,,,,,0,,False
24079,24079,Lucas Havrisik,IND,K,885.0,825.5,11.0,0.0,7.0,0,0,,,,,0,,False
20874,20874,Trace McSorley,NE,QB,1555.6,961.6,11.0,14.6,6.9,0,0,,,,,0,,False
19410,19410,Ricky Seals-Jones,IND,TE,1598.2,1462.0,11.0,66.5,6.6,0,0,,,,,0,,False
23662,23662,Jake Tonges,CHI,TE,760.8,788.0,13.0,0.0,6.6,0,0,,,,,0,,False
20939,20939,David Sills V,NYG,WR,1506.3,1342.9,13.0,18.0,6.2,0,0,,,,,0,,False
23341,23341,Tyler Goodson,GB,RB,658.7,844.2,6.0,0.0,6.0,0,0,,,,,0,,False
21046,21046,Jake Browning,CIN,QB,1479.0,1324.2,7.0,0.0,6.0,0,0,,,,,0,,False
24345,24345,Jason Brownlee,NYJ,WR,1523.3,1693.5,7.0,0.0,5.5,0,0,,,,,0,,False
18019,18019,Nick Vannett,HOU,TE,1319.0,1601.6,7.0,15.9,5.4,0,0,,,,,0,,False
24494,24494,Colton Dowell,TEN,WR,859.5,743.8,7.0,0.0,4.9,0,0,,,,,0,,False
23099,23099,Michael Bandy,DEN,WR,1022.9,1239.1,9.0,15.1,4.6,0,0,,,,,0,,False
19029,19029,Nathan Peterman,CHI,QB,1261.2,1266.3,13.0,14.1,4.4,0,0,,,,,0,,False
23614,23614,John FitzPatrick,ATL,TE,706.3,905.5,11.0,0.0,4.1,0,0,,,,,0,,False
22915,22915,Sammis Reyes,JAX,TE,1518.2,1395.6,9.0,0.0,3.7,0,0,,,,,0,,False
21719,21719,Nick Bowers,CIN,TE,949.7,1172.7,7.0,0.0,3.6,0,0,,,,,0,,False
23302,23302,Britain Covey,PHI,WR,924.2,982.1,10.0,0.0,3.5,0,0,,,,,0,,False
20793,20793,Penny Hart,ATL,WR,1467.1,1380.3,11.0,5.8,3.0,0,0,,,,,0,,False
23821,23821,Kyric McGowan,WAS,WR,856.1,740.4,14.0,0.0,2.9,0,0,,,,,0,,False
24073,24073,Maurice Alexander,DET,WR,891.8,1218.6,9.0,2.0,2.3,0,0,,,,,0,,False
21675,21675,Tyler Johnson,LAR,WR,1036.5,1322.5,10.0,0.0,2.0,0,0,,,,,0,,False
21737,21737,Tyrie Cleveland,PHI,WR,988.9,1106.3,10.0,8.1,1.9,0,0,,,,,0,,False
21818,21818,Shane Buechele,KC,QB,1165.9,1296.9,10.0,0.0,1.8,0,0,,,,,0,,False
24609,24609,Emari Demercado,ARI,RB,548.0,932.7,14.0,0.0,1.7,0,0,,,,,0,,False
24342,24342,Mitchell Tinsley,WAS,WR,1686.7,1702.0,14.0,0.0,1.4,0,0,,,,,0,,False
24008,24008,Troy Hairston,HOU,RB,907.2,971.8,7.0,5.5,1.2,0,0,,,,,0,,False
23763,23763,Brandon Johnson,DEN,WR,976.9,1089.3,9.0,14.0,1.1,0,0,,,,,0,,False
20018,20018,Nick Bawden,NYJ,RB,1542.0,1579.5,7.0,5.8,0.9,0,0,,,,,0,,False
22902,22902,Ben Mason,BAL,RB,1133.5,1220.3,13.0,0.0,0.5,0,0,,,,,0,,False
22514,22514,Kenny Yeboah,NYJ,TE,1184.6,1147.1,7.0,0.0,0.3,0,0,,,,,0,,False
24291,24291,Khalan Laborn,SF,RB,815.3,689.3,9.0,0.0,0.2,0,0,,,,,0,,False
20779,20779,Will Grier,DAL,QB,1644.1,1473.9,7.0,0.0,0.1,0,0,,,,,0,,False
21730,21730,Collin Johnson,NYG,WR,1171.0,1285.0,13.0,17.9,0.1,0,0,,,,,0,,False
18673,18673,Jaydon Mickens,NYG,WR,1222.0,1562.4,13.0,2.9,0.0,0,0,,,,,0,,False
22417,22417,Kristian Wilkerson,LV,WR,1508.0,1358.2,13.0,27.6,0.0,0,0,,,,,0,,False
20722,20722,Diontae Spencer,,WR,1366.7,1659.4,,-7.3,0.0,0,0,,,,,0,,False
20511,20511,Chris Lacy,LV,WR,1491.0,1542.0,13.0,0.0,0.0,0,0,,,,,0,,False
19917,19917,Antonio Callaway,,WR,1472.2,1382.0,,0.0,0.0,0,0,,,,,0,,False
20988,20988,Preston Williams,,WR,1509.7,1346.3,,0.0,0.0,0,0,,,,,0,,False
16920,16920,Jesse James,NO,TE,1295.2,1586.3,11.0,0.0,0.0,0,0,,,,,0,,False
21514,21514,Austin Walter,LV,RB,1516.5,1405.9,13.0,28.9,0.0,0,0,,,,,0,,False
19281,19281,Jacob Hollister,LV,TE,1281.6,1557.3,13.0,0.0,0.0,0,0,,,,,0,,False
18901,18901,O.J. Howard,,TE,1278.2,1446.7,,45.1,0.0,0,0,,,,,0,,False
16141,16141,Willie Snead IV,SF,WR,1322.5,1657.7,9.0,0.0,0.0,0,0,,,,,0,,False
22146,22146,Ben DiNucci,DEN,QB,1462.0,1041.6,9.0,11.8,0.0,0,0,,,,,0,,False
20904,20904,Devine Ozigbo,DET,RB,1497.8,1339.5,9.0,2.0,0.0,0,0,,,,,0,,False
18152,18152,Dwayne Washington,,RB,1259.5,1550.5,,13.0,0.0,0,0,,,,,0,,False
22418,22418,Tommy Hudson,DEN,TE,1531.8,1319.0,9.0,9.0,0.0,0,0,,,,,0,,False
18058,18058,Tajae Sharpe,,WR,1257.8,1536.9,,39.1,0.0,0,0,,,,,0,,False
22284,22284,Ben Ellefson,,TE,1407.6,1635.6,,7.5,0.0,0,0,,,,,0,,False
21866,21866,Chris Streveler,NYJ,QB,1242.5,1506.3,7.0,15.3,0.0,0,0,,,,,0,,False
21729,21729,Quintez Cephus,,WR,1193.1,1162.5,,4.3,0.0,0,0,,,,,0,,False
21814,21814,Jake Luton,CAR,QB,1628.8,1485.8,7.0,0.0,0.0,0,0,,,,,0,,False
19864,19864,Anthony Miller,,WR,1632.2,1468.8,,14.5,0.0,0,0,,,,,0,,False
20055,20055,Logan Woodside,ATL,QB,1239.1,1455.2,11.0,0.0,0.0,0,0,,,,,0,,False
20283,20283,Tim Boyle,NYJ,QB,1584.6,1424.6,7.0,-4.9,0.0,0,0,,,,,0,,False
20952,20952,Jace Sternberger,BUF,TE,1405.9,1477.3,13.0,0.0,0.0,0,0,,,,,0,,False
20037,20037,Danny Etling,,QB,1237.4,1453.5,,0.0,0.0,0,0,,,,,0,,False
20064,20064,Justin Jackson,,RB,1570.9,1523.3,,66.5,0.0,0,0,,,,,0,,False
20946,20946,Kaden Smith,,TE,1182.9,1125.0,,9.6,0.0,0,0,,,,,0,,False
18445,18445,Mike Thomas,,WR,1654.3,1416.1,,11.0,0.0,0,0,,,,,0,,False
21556,21556,Tom Kennedy,,WR,1562.4,1383.7,,24.0,0.0,0,0,,,,,0,,False
13723,13723,Nick Foles,,QB,1436.5,1637.3,,5.1,0.0,0,0,,,,,0,,False
21115,21115,Juwann Winfree,IND,WR,1547.1,1411.0,11.0,4.9,0.0,0,0,,,,,0,,False
21676,21676,Jared Pinkney,CHI,TE,1446.7,1375.2,13.0,0.0,0.0,0,0,,,,,0,,False
20837,20837,Ty Johnson,,RB,1448.4,1371.8,,52.4,0.0,0,0,,,,,0,,False
20838,20838,Tyron Johnson,DAL,WR,1538.6,1393.9,7.0,2.3,0.0,0,0,,,,,0,,False
19072,19072,Alex Armah,WAS,RB,1610.1,1645.8,14.0,0.0,0.0,0,0,,,,,0,,False
18803,18803,Leonard Fournette,,RB,,,,260.6,0.0,0,0,,,,,0,,False
18881,18881,John Ross,,WR,1611.8,1475.6,,51.1,0.0,0,0,,,,,0,,False
18872,18872,Dalvin Cook,,RB,76.6,110.6,,338.4,0.0,0,0,,,95.3,44.6,0,,False
24549,24549,Tanner Morgan,PIT,QB,1162.5,1031.4,6.0,0.0,0.0,0,0,,,,,0,,False
17289,17289,Jake Kumerow,,WR,,,,10.9,0.0,0,0,,,,,0,,False
19947,19947,Chris Herndon,,TE,,,,17.0,0.0,0,0,,,,,0,,False
18209,18209,Marcus Johnson,,WR,,,,16.8,0.0,0,0,,,,,0,,False
20743,20743,Ryquell Armstead,,RB,,,,16.3,0.0,0,0,,,,,0,,False
20128,20128,Phillip Lindsay,,RB,,,,15.0,0.0,0,0,,,,,0,,False
13275,13275,Kyle Rudolph,,TE,,,,15.0,0.0,0,0,,,,,0,,False
19979,19979,Jordan Wilkins,,RB,,,,14.8,0.0,0,0,,,,,0,,False
9902,9902,Chase Daniel,,QB,,,,14.4,0.0,0,0,,,,,0,,False
16768,16768,Kevin White,,WR,,,,12.6,0.0,0,0,,,,,0,,False
24024,24024,Nick Sciba,,K,,,,11.9,0.0,0,0,,,,,0,,False
18992,18992,Dede Westbrook,,WR,,,,11.6,0.0,0,0,,,,,0,,False
19280,19280,Cody Hollister,,WR,,,,15.6,0.0,0,0,,,,,0,,False
18039,18039,Pharoh Cooper,,WR,,,,6.1,0.0,0,0,,,,,0,,False
17916,17916,William Fuller V,,WR,,,,13.3,0.0,0,0,,,,,0,,False
19824,19824,Kalen Ballage,,RB,,,,12.7,0.0,0,0,,,,,0,,False
21683,21683,Hunter Bryant,,TE,,,,12.7,0.0,0,0,,,,,0,,False
20925,20925,Riley Ridley,,WR,,,,11.3,0.0,0,0,,,,,0,,False
17139,17139,Josh Lambo,,K,,,,8.7,0.0,0,0,,,,,0,,False
16236,16236,Cody Parkey,,K,,,,8.7,0.0,0,0,,,,,0,,False
17219,17219,Daniel Brown,,TE,,,,8.4,0.0,0,0,,,,,0,,False
14916,14916,Giovani Bernard,,RB,,,,7.8,0.0,0,0,,,,,0,,False
14985,14985,Ryan Griffin,,TE,,,,7.5,0.0,0,0,,,,,0,,False
19996,19996,Jaylen Samuels,,RB,,,,6.7,0.0,0,0,,,,,0,,False
21093,21093,Chris Blewitt,,K,,,,17.0,0.0,0,0,,,,,0,,False
16640,16640,John Brown,,WR,,,,17.4,0.0,0,0,,,,,0,,False
18931,18931,Adam Shaheen,,TE,,,,18.7,0.0,0,0,,,,,0,,False
18690,18690,Jalen Richard,,RB,,,,19.1,0.0,0,0,,,,,0,,False
21114,21114,Austin Seibert,,K,,,,35.7,0.0,0,0,,,,,0,,False
20836,20836,Bisi Johnson,,WR,,,,35.6,0.0,0,0,,,,,0,,False
18907,18907,Davis Webb,,QB,,,,35.4,0.0,0,0,,,,,0,,False
16451,16451,Eric Ebron,,TE,,,,34.9,0.0,0,0,,,,,0,,False
18645,18645,Aldrick Rosas,,K,,,,34.0,0.0,0,0,,,,,0,,False
22703,22703,Matt Ammendola,,K,,,,34.0,0.0,0,0,,,,,0,,False
16056,16056,James White,,RB,,,,32.7,0.0,0,0,,,,,0,,False
16834,16834,Tevin Coleman,,RB,,,,32.3,0.0,0,0,,,,,0,,False
20282,20282,Ryan Santoso,,K,,,,30.6,0.0,0,0,,,,,0,,False
17053,17053,Malcolm Brown,,RB,,,,30.3,0.0,0,0,,,,,0,,False
13878,13878,Mohamed Sanu,,WR,,,,30.1,0.0,0,0,,,,,0,,False
16593,16593,Cameron Brate,,TE,,,,29.6,0.0,0,0,,,,,0,,False
20500,20500,Darrel Williams,,RB,,,,29.1,0.0,0,0,,,,,0,,False
21819,21819,Bryce Perkins,,QB,,,,26.3,0.0,0,0,,,,,0,,False
3943,3943,DeSean Jackson,,WR,,,,26.0,0.0,0,0,,,,,0,,False
18115,18115,Derek Watt,,RB,,,,25.9,0.0,0,0,,,,,0,,False
18231,18231,Taylor Bertolet,,K,,,,25.5,0.0,0,0,,,,,0,,False
18977,18977,Kenny Golladay,,WR,,,,24.0,0.0,0,0,,,,,0,,False
15196,15196,Kenny Stills,,WR,,,,22.0,0.0,0,0,,,,,0,,False
14005,14005,T.Y. Hilton,,WR,,,,20.6,0.0,0,0,,,,,0,,False
19003,19003,Tarik Cohen,,RB,,,,19.6,0.0,0,0,,,,,0,,False
16887,16887,Mike Davis,,RB,,,,6.4,0.0,0,0,,,,,0,,False
16816,16816,Maxx Williams,,TE,,,,5.2,0.0,0,0,,,,,0,,False
4807,4807,Adrian Peterson,,RB,,,,38.5,0.0,0,0,,,,,0,,False
22130,22130,Ramiz Ahmed,,K,,,,0.0,0.0,0,0,,,,,0,,False
21955,21955,Thaddeus Moss,,TE,,,,0.0,0.0,0,0,,,,,0,,False
22113,22113,Eli Wolf,,TE,,,,0.0,0.0,0,0,,,,,0,,False
21792,21792,Darius Anderson,,RB,,,,0.0,0.0,0,0,,,,,0,,False
20296,20296,Jester Weah,,WR,,,,0.0,0.0,0,0,,,,,0,,False
20040,20040,Trenton Cannon,,RB,,,,0.0,0.0,0,0,,,,,0,,False
20762,20762,Travis Fulgham,,WR,,,,0.0,0.0,0,0,,,,,0,,False
20809,20809,Elijah Holyfield,,RB,,,,0.0,0.0,0,0,,,,,0,,False
22736,22736,Tory Carter,,RB,,,,0.0,0.0,0,0,,,,,0,,False
23080,23080,Quinn Nordin,,K,,,,0.0,0.0,0,0,,,,,0,,False
22205,22205,Antonio Williams,,RB,,,,0.0,0.0,0,0,,,,,0,,False
22530,22530,D'Vonte Price,,RB,,,,0.0,0.0,0,0,,,,,0,,False
17048,17048,Tyrell Williams,,WR,,,,4.1,0.0,0,0,,,,,0,,False
22557,22557,Javian Hawkins,,RB,,,,0.0,0.0,0,0,,,,,0,,False
23176,23176,Carson Strong,,QB,,,,0.0,0.0,0,0,,,,,0,,False
23210,23210,Max Borghi,,RB,,,,0.0,0.0,0,0,,,,,0,,False
23292,23292,Stanley Berryhill,,WR,,,,0.0,0.0,0,0,,,,,0,,False
23293,23293,Gabe Brkic,,K,,,,0.0,0.0,0,0,,,,,0,,False
23336,23336,Jerreth Sterns,,WR,,,,0.0,0.0,0,0,,,,,0,,False
23451,23451,ZaQuandre White,,RB,,,,0.0,0.0,0,0,,,,,0,,False
2405,2405,Chad Henne,,QB,,,,-0.9,0.0,0,0,,,,,0,,False
13063,13063,Taiwan Jones,,RB,,,,-3.4,0.0,0,0,,,,,0,,False
18361,18361,Chester Rogers,,WR,,,,-3.4,0.0,0,0,,,,,0,,False
21839,21839,Xavier Jones,,RB,,,,0.0,0.0,0,0,,,,,0,,False
21722,21722,Binjimen Victor,,WR,,,,0.0,0.0,0,0,,,,,0,,False
11565,11565,Andre Roberts,,WR,,,,0.0,0.0,0,0,,,,,0,,False
14587,14587,Josh Gordon,,WR,,,,0.0,0.0,0,0,,,,,0,,False
22677,22677,Mekhi Sargent,,RB,,,,3.2,0.0,0,0,,,,,0,,False
19317,19317,Victor Bolden,,WR,,,,2.9,0.0,0,0,,,,,0,,False
18262,18262,Stephen Anderson,,TE,,,,2.6,0.0,0,0,,,,,0,,False
20103,20103,Reggie Bonnafon,,RB,,,,2.3,0.0,0,0,,,,,0,,False
21840,21840,Kylin Hill,,RB,,,,2.0,0.0,0,0,,,,,0,,False
19200,19200,C.J. Board,,WR,,,,1.7,0.0,0,0,,,,,0,,False
19579,19579,Tyrone Swoopes,,TE,,,,1.4,0.0,0,0,,,,,0,,False
21178,21178,Jason Moore Jr.,,WR,,,,1.4,0.0,0,0,,,,,0,,False
16838,16838,Duke Johnson,,RB,,,,1.2,0.0,0,0,,,,,0,,False
16491,16491,Richard Rodgers,,TE,,,,1.2,0.0,0,0,,,,,0,,False
16031,16031,Damien Williams,,RB,,,,0.6,0.0,0,0,,,,,0,,False
18067,18067,Jordan Howard,,RB,,,,0.3,0.0,0,0,,,,,0,,False
18089,18089,Rashard Higgins,,WR,,,,0.0,0.0,0,0,,,,,0,,False
18269,18269,Geronimo Allison,,WR,,,,0.0,0.0,0,0,,,,,0,,False
18996,18996,Wayne Gallman,,RB,,,,0.0,0.0,0,0,,,,,0,,False
19779,19779,Brandon Zylstra,,WR,,,,0.0,0.0,0,0,,,,,0,,False
19431,19431,Tanner Gentry,,WR,,,,0.0,0.0,0,0,,,,,0,,False
19822,19822,Kerryon Johnson,,RB,,,,0.0,0.0,0,0,,,,,0,,False
19219,19219,Cethan Carter,,TE,,,,0.0,0.0,0,0,,,,,0,,False
19054,19054,Rodney Adams,,WR,,,,0.0,0.0,0,0,,,,,0,,False
15201,15201,Mike Glennon,,QB,,,,0.0,0.0,0,0,,,,,0,,False
19457,19457,Blake Jarwin,,TE,,,,36.8,0.0,0,0,,,,,0,,False
16308,16308,Albert Wilson,,WR,,,,39.1,0.0,0,0,,,,,0,,False
22644,22644,DJ Turner,LV,WR,1159.1,1136.9,13.0,7.5,0.0,0,0,,,,,0,,False
22631,22631,Blake Proehl,MIN,WR,849.3,730.2,13.0,0.0,0.0,0,0,,,,,0,,False
21056,21056,Hakeem Butler,PIT,WR,936.1,908.9,6.0,0.0,0.0,0,0,,,,,0,,False
23890,23890,Shemar Bridges,BAL,WR,925.9,990.6,13.0,0.0,0.0,0,0,,,,,0,,False
22339,22339,Kirk Merritt,NO,WR,915.7,1199.9,11.0,0.0,0.0,0,0,,,,,0,,False
20742,20742,J.J. Arcega-Whiteside,ATL,WR,910.6,1216.9,11.0,10.4,0.0,0,0,,,,,0,,False
20717,20717,Tristan Vizcaino,,K,908.9,617.8,,15.3,0.0,0,0,,,,,0,,False
22244,22244,Ja'Marcus Bradley,PIT,WR,890.1,1237.4,6.0,10.9,0.0,0,0,,,,,0,,False
24336,24336,Jacob Copeland,MIN,WR,876.5,900.4,13.0,0.0,0.0,0,0,,,,,0,,False
21634,21634,Derrick Gore,WAS,RB,873.1,1213.5,14.0,81.9,0.0,0,0,,,,,0,,False
19763,19763,Josh Rosen,,QB,,,,-5.5,0.0,0,0,,,,,0,,False
22624,22624,Reggie Roberson Jr.,TEN,WR,852.7,737.0,7.0,0.0,0.0,0,0,,,,,0,,False
17920,17920,Carson Wentz,,QB,,,,192.0,0.0,0,0,,,,,0,,False
18944,18944,Kareem Hunt,,RB,,,,156.2,0.0,0,0,,,,,0,,False
24225,24225,Nathan Rourke,JAX,QB,834.0,696.1,9.0,0.0,0.0,0,0,,,,,0,,False
23621,23621,Nick Muse,MIN,TE,832.3,701.2,13.0,0.0,0.0,0,0,,,,,0,,False
16524,16524,Devonta Freeman,,RB,,,,191.6,0.0,0,0,,,,,0,,False
22600,22600,Johnny Johnson III,HOU,WR,822.1,663.8,7.0,0.0,0.0,0,0,,,,,0,,False
22595,22595,Ihmir Smith-Marsette,KC,WR,813.6,691.0,10.0,-1.0,0.0,0,0,,,,,0,,False
21849,21849,Caleb Huntley,,RB,806.7,762.5,,73.0,0.0,0,0,,,,,0,,False
24420,24420,Matt Landers,SEA,WR,805.0,818.7,5.0,0.0,0.0,0,0,,,,,0,,False
21759,21759,KJ Hamler,,WR,794.8,1029.7,,32.0,0.0,0,0,,,,,0,,False
17970,17970,Devontae Booker,,RB,,,,177.2,0.0,0,0,,,,,0,,False
23279,23279,Slade Bolden,ATL,WR,788.0,840.8,11.0,0.0,0.0,0,0,,,,,0,,False
1694,1694,Mason Crosby,,K,,,,194.0,0.0,0,0,,,,,0,,False
21156,21156,John Lovett,,RB,944.6,1004.2,,1.7,0.0,0,0,,,,,0,,False
22345,22345,Dan Chisena,PIT,WR,946.3,1171.0,6.0,0.0,0.0,0,0,,,,,0,,False
21078,21078,Jeff Smith,,WR,954.8,1174.4,,22.8,0.0,0,0,,,,,0,,False
20011,20011,Javon Wims,CAR,WR,1154.0,1126.7,7.0,0.0,0.0,0,0,,,,,0,,False
23478,23478,Abram Smith,MIN,RB,1143.7,793.1,13.0,0.0,0.0,0,0,,,,,0,,False
1410,1410,Robbie Gould,,K,,,,229.8,0.0,0,0,,,,,0,,False
22573,22573,Dazz Newsome,SF,WR,1125.0,1033.1,9.0,6.7,0.0,0,0,,,,,0,,False
23476,23476,E.J. Perry,,QB,1118.2,699.5,,0.0,0.0,0,0,,,,,0,,False
8750,8750,Ryan Succop,,K,,,,205.9,0.0,0,0,,,,,0,,False
21828,21828,Jake Fromm,WAS,QB,1113.1,1062.0,14.0,18.6,0.0,0,0,,,,,0,,False
23093,23093,Jake Verity,,K,1094.4,684.2,,0.0,0.0,0,0,,,,,0,,False
22497,22497,Ian Book,PHI,QB,1087.6,1055.2,10.0,0.0,0.0,0,0,,,,,0,,False
22554,22554,Master Teague,,RB,1072.3,1150.6,,0.0,0.0,0,0,,,,,0,,False
21820,21820,Jacob Eason,,QB,1067.2,1278.2,,1.0,0.0,0,0,,,,,0,,False
22568,22568,Cornell Powell,KC,WR,1048.4,1269.7,10.0,0.0,0.0,0,0,,,,,0,,False
23647,23647,Anthony Brown,BAL,QB,1038.2,1288.4,13.0,16.2,0.0,0,0,,,,,0,,False
22603,22603,Ty Fryfogle,KC,WR,1024.6,1101.2,10.0,0.0,0.0,0,0,,,,,0,,False
20950,20950,Benny Snell Jr.,DET,RB,1012.7,1259.5,9.0,28.4,0.0,0,0,,,,,0,,False
23833,23833,Austin Allen,GB,TE,999.1,1080.8,6.0,0.0,0.0,0,0,,,,,0,,False
23287,23287,B.J. Baylor,,RB,987.2,1060.3,,0.0,0.0,0,0,,,,,0,,False
22618,22618,Marquez Stevenson,CAR,WR,975.2,1097.8,7.0,0.0,0.0,0,0,,,,,0,,False
23483,23483,Isaiah Weston,,WR,971.8,1094.4,,0.0,0.0,0,0,,,,,0,,False
23594,23594,Chase Garbers,LV,QB,958.2,1022.9,13.0,0.0,0.0,0,0,,,,,0,,False
20057,20057,Auden Tate,,WR,956.5,1177.8,,16.8,0.0,0,0,,,,,0,,False
23838,23838,Daylen Baldwin,,WR,782.9,834.0,,7.2,0.0,0,0,,,,,0,,False
20964,20964,Darwin Thompson,,RB,774.4,847.6,,44.6,0.0,0,0,,,,,0,,False
16933,16933,James O'Shaughnessy,,TE,,,,44.9,0.0,0,0,,,,,0,,False
14917,14917,Rex Burkhead,,RB,,,,68.8,0.0,0,0,,,,,0,,False
24339,24339,Jake Bobo,SEA,WR,588.9,954.8,5.0,0.0,0.0,0,0,,,,,0,,False
20798,20798,Darrell Henderson Jr.,,RB,,,,96.2,0.0,0,0,,,,,0,,False
20566,20566,Dontrell Hilliard,,RB,,,,95.7,0.0,0,0,,,,,0,,False
23202,23202,SaRodorick Thompson Jr.,SEA,RB,571.9,948.0,5.0,0.0,0.0,0,0,,,,,0,,False
22154,22154,Samuel Sloman,,K,,,,90.2,0.0,0,0,,,,,0,,False
611,611,Joe Flacco,,QB,,,,82.3,0.0,0,0,,,,,0,,False
23990,23990,Dre Miller,GB,TE,532.7,956.5,6.0,0.0,0.0,0,0,,,,,0,,False
13291,13291,Julio Jones,,WR,,,,79.0,0.0,0,0,,,,,0,,False
19065,19065,Jeremy McNichols,SF,RB,,,9.0,77.6,0.0,0,0,,,,,0,,False
19119,19119,Chris Carson,,RB,,,,71.7,0.0,0,0,,,,,0,,False
18375,18375,Peyton Barber,,RB,,,,67.9,0.0,0,0,,,,,0,,False
24411,24411,Noah Gindorff,SEA,TE,765.9,794.8,5.0,0.0,0.0,0,0,,,,,0,,False
20979,20979,Antoine Wesley,,WR,,,,66.0,0.0,0,0,,,,,0,,False
17290,17290,Adam Humphries,,WR,,,,65.2,0.0,0,0,,,,,0,,False
12845,12845,A.J. Green,,WR,,,,64.0,0.0,0,0,,,,,0,,False
16020,16020,Jarvis Landry,,WR,,,,59.9,0.0,0,0,,,,,0,,False
13337,13337,Mark Ingram II,,RB,,,,58.0,0.0,0,0,,,,,0,,False
16668,16668,Carlos Hyde,,RB,,,,57.5,0.0,0,0,,,,,0,,False
14967,14967,Le'Veon Bell,,RB,,,,56.3,0.0,0,0,,,,,0,,False
16003,16003,Sammy Watkins,,WR,,,,51.9,0.0,0,0,,,,,0,,False
18464,18464,J.D. McKissic,,RB,,,,49.0,0.0,0,0,,,,,0,,False
15215,15215,Tavon Austin,,WR,,,,46.6,0.0,0,0,,,,,0,,False
18088,18088,Alex Collins,,RB,,,,101.8,0.0,0,0,,,,,0,,False
23844,23844,Gerrit Prince,JAX,TE,604.2,861.2,9.0,0.0,0.0,0,0,,,,,0,,False
23301,23301,Jashaun Corbin,NYG,RB,607.6,985.5,13.0,0.0,0.0,0,0,,,,,0,,False
732,732,Matt Ryan,,QB,,,,264.3,0.0,0,0,,,,,0,,False
11063,11063,Emmanuel Sanders,,WR,,,,152.7,0.0,0,0,,,,,0,,False
24279,24279,Malik Cunningham,NE,QB,747.2,765.9,11.0,0.0,0.0,0,0,,,,,0,,False
23441,23441,Braylon Sanders,MIA,WR,745.5,799.9,10.0,-0.5,0.0,0,0,,,,,0,,False
13320,13320,Cam Newton,,QB,,,,147.0,0.0,0,0,,,,,0,,False
23659,23659,Tay Martin,SF,WR,731.9,789.7,9.0,0.0,0.0,0,0,,,,,0,,False
8534,8534,Jared Cook,,TE,,,,143.6,0.0,0,0,,,,,0,,False
23226,23226,Charleston Rambo,PHI,WR,723.4,677.4,10.0,0.0,0.0,0,0,,,,,0,,False
22561,22561,Kennedy Brooks,PHI,RB,718.2,674.0,10.0,0.0,0.0,0,0,,,,,0,,False
24464,24464,Xazavian Valladay,HOU,RB,709.7,772.7,7.0,0.0,0.0,0,0,,,,,0,,False
23154,23154,Jadon Haselwood,PHI,WR,704.6,893.6,10.0,0.0,0.0,0,0,,,,,0,,False
23159,23159,Joseph Ngata,PHI,WR,701.2,881.6,10.0,0.0,0.0,0,0,,,,,0,,False
13961,13961,Randy Bullock,,K,,,,137.9,0.0,0,0,,,,,0,,False
23356,23356,Makai Polk,,WR,692.7,878.2,,0.0,0.0,0,0,,,,,0,,False
23252,23252,Dontario Drummond,DAL,WR,685.9,873.1,7.0,0.0,0.0,0,0,,,,,0,,False
21169,21169,Malik Taylor,NYJ,WR,682.5,864.6,7.0,-1.0,0.0,0,0,,,,,0,,False
23415,23415,Nikola Kalinic,LAR,TE,679.1,862.9,10.0,0.0,0.0,0,0,,,,,0,,False
11056,11056,Antonio Brown,,WR,,,,134.6,0.0,0,0,,,,,0,,False
21203,21203,Matthew Wright,CAR,K,,,7.0,108.9,0.0,0,0,,,,,0,,False
23317,23317,Jerrion Ealy,KC,WR,646.8,866.3,10.0,0.0,0.0,0,0,,,,,0,,False
23139,23139,Jalen Wydermyer,,TE,643.4,1359.9,,0.0,0.0,0,0,,,,,0,,False
21694,21694,Henry Ruggs III,,WR,,,,103.0,0.0,0,0,,,,,0,,False
17923,17923,Ezekiel Elliott,,RB,,,,287.3,0.0,0,0,,,,,0,,False
